prospect_id,organization_name,website,country,organization_type,sector_guess,decision_maker_name,target_email,custom_page_paths_csv,booking_link_45min,commercial_priority_default,research_scope,source_backend,source_label,raw_source_id,niche_status,status,paused,last_sequence_result,last_response_status,stop_reason,next_action_at,created_at,updated_at
ci-orange-c-te-d-ivoire-001,Orange Côte d'Ivoire,https://www.orange.ci,Côte d'Ivoire,Entreprise privée multinationale,Télécommunications,Directeur Général,direction@orange.ci,,https://calendly.com/transferai/45min,tier1,public_web_only,crm_import_ci_200,Prospection CI — Télécommunications,,support_it_intelligent,ready,False,,,,2026-06-12T23:49:44.974418Z,2026-06-12T23:49:44.974418Z,2026-06-12T23:49:44.974418Z
ci-mtn-c-te-d-ivoire-002,MTN Côte d'Ivoire,https://www.mtn.ci,Côte d'Ivoire,Entreprise privée multinationale,Télécommunications,Directeur Général,contact@mtn.ci,,https://calendly.com/transferai/45min,tier1,public_web_only,crm_import_ci_200,Prospection CI — Télécommunications,,support_it_intelligent,ready,False,,,,2026-06-12T23:49:44.974418Z,2026-06-12T23:49:44.974418Z,2026-06-12T23:49:44.974418Z
ci-moov-africa-c-te-d-ivoire-003,Moov Africa Côte d'Ivoire,https://www.moov-africa.ci,Côte d'Ivoire,Entreprise privée multinationale,Télécommunications,Directeur Général,service.client@moov-africa.ci,,https://calendly.com/transferai/45min,tier1,public_web_only,crm_import_ci_200,Prospection CI — Télécommunications,,support_it_intelligent,ready,False,,,,2026-06-12T23:49:44.974418Z,2026-06-12T23:49:44.974418Z,2026-06-12T23:49:44.974418Z
ci-wave-mobile-money-004,Wave Mobile Money,https://www.wave.com/fr/,Côte d'Ivoire,Entreprise privée internationale,Fintech / Mobile Money,Directeur Général CI,contact@wave.com,,https://calendly.com/transferai/45min,tier1,public_web_only,crm_import_ci_200,Prospection CI — Fintech / Mobile Money,,reporting_financier_assiste,ready,False,,,,2026-06-12T23:49:44.974418Z,2026-06-12T23:49:44.974418Z,2026-06-12T23:49:44.974418Z
ci-canal-c-te-d-ivoire-005,Canal+ Côte d'Ivoire,https://www.canalplus-afrique.com,Côte d'Ivoire,Entreprise privée multinationale,Médias / Télécoms,Directeur Général,contact@canalplus.ci,,https://calendly.com/transferai/45min,tier1,public_web_only,crm_import_ci_200,Prospection CI — Médias / Télécoms,,machine_contenu_marketing,ready,False,,,,2026-06-12T23:49:44.974418Z,2026-06-12T23:49:44.974418Z,2026-06-12T23:49:44.974418Z
ci-sgbci-006,SGBCI,https://www.sgbci.ci,Côte d'Ivoire,Banque privée,Banque / Finance,Directeur Général,contact@sgbci.ci,,https://calendly.com/transferai/45min,tier1,public_web_only,crm_import_ci_200,Prospection CI — Banque / Finance,,banque_kyc_reporting,ready,False,,,,2026-06-12T23:49:44.974418Z,2026-06-12T23:49:44.974418Z,2026-06-12T23:49:44.974418Z
ci-bni-banque-nationale-d-investissement-007,BNI — Banque Nationale d'Investissement,https://www.bni.ci,Côte d'Ivoire,Banque d'État,Banque / Finance,Directeur Général,contact@bni.ci,,https://calendly.com/transferai/45min,tier1,public_web_only,crm_import_ci_200,Prospection CI — Banque / Finance,,banque_kyc_reporting,ready,False,,,,2026-06-12T23:49:44.974418Z,2026-06-12T23:49:44.974418Z,2026-06-12T23:49:44.974418Z
ci-bicici-008,BICICI,https://www.bicici.ci,Côte d'Ivoire,Banque privée,Banque / Finance,Directeur Général,contact@bicici.ci,,https://calendly.com/transferai/45min,tier1,public_web_only,crm_import_ci_200,Prospection CI — Banque / Finance,,banque_kyc_reporting,ready,False,,,,2026-06-12T23:49:44.974418Z,2026-06-12T23:49:44.974418Z,2026-06-12T23:49:44.974418Z
ci-ecobank-c-te-d-ivoire-009,Ecobank Côte d'Ivoire,https://www.ecobank.com/ci,Côte d'Ivoire,Banque privée internationale,Banque / Finance,Directeur Général,ecobank.ci@ecobank.com,,https://calendly.com/transferai/45min,tier1,public_web_only,crm_import_ci_200,Prospection CI — Banque / Finance,,banque_kyc_reporting,ready,False,,,,2026-06-12T23:49:44.974418Z,2026-06-12T23:49:44.974418Z,2026-06-12T23:49:44.974418Z
ci-nsia-banque-010,NSIA Banque,https://www.nsiabanque.ci,Côte d'Ivoire,Banque privée,Banque / Finance,Directeur Général,contact@nsiabanque.ci,,https://calendly.com/transferai/45min,tier1,public_web_only,crm_import_ci_200,Prospection CI — Banque / Finance,,banque_kyc_reporting,ready,False,,,,2026-06-12T23:49:44.974418Z,2026-06-12T23:49:44.974418Z,2026-06-12T23:49:44.974418Z
ci-sib-soci-t-ivoirienne-de-banque-011,SIB — Société Ivoirienne de Banque,https://www.sib.ci,Côte d'Ivoire,Banque privée,Banque / Finance,Directeur Général,contact@sib.ci,,https://calendly.com/transferai/45min,tier2,public_web_only,crm_import_ci_200,Prospection CI — Banque / Finance,,banque_kyc_reporting,ready,False,,,,2026-06-12T23:49:44.974418Z,2026-06-12T23:49:44.974418Z,2026-06-12T23:49:44.974418Z
ci-coris-bank-international-ci-012,Coris Bank International CI,https://www.corisbankinternational.com,Côte d'Ivoire,Banque privée,Banque / Finance,Directeur Général,contact.ci@corisbank.com,,https://calendly.com/transferai/45min,tier2,public_web_only,crm_import_ci_200,Prospection CI — Banque / Finance,,banque_kyc_reporting,ready,False,,,,2026-06-12T23:49:44.974418Z,2026-06-12T23:49:44.974418Z,2026-06-12T23:49:44.974418Z
ci-attijariwafa-bank-ci-013,Attijariwafa Bank CI,https://www.attijariwafabank.com,Côte d'Ivoire,Banque privée multinationale,Banque / Finance,Directeur Général,contact.ci@attijariwafabank.com,,https://calendly.com/transferai/45min,tier2,public_web_only,crm_import_ci_200,Prospection CI — Banque / Finance,,banque_kyc_reporting,ready,False,,,,2026-06-12T23:49:44.974418Z,2026-06-12T23:49:44.974418Z,2026-06-12T23:49:44.974418Z
ci-banque-atlantique-c-te-d-ivoire-014,Banque Atlantique Côte d'Ivoire,https://www.banqueatlantique.net,Côte d'Ivoire,Banque privée,Banque / Finance,Directeur Général,info.ci@banqueatlantique.net,,https://calendly.com/transferai/45min,tier2,public_web_only,crm_import_ci_200,Prospection CI — Banque / Finance,,banque_kyc_reporting,ready,False,,,,2026-06-12T23:49:44.974418Z,2026-06-12T23:49:44.974418Z,2026-06-12T23:49:44.974418Z
ci-boa-c-te-d-ivoire-015,BOA Côte d'Ivoire,https://www.boacotedivoire.com,Côte d'Ivoire,Banque privée,Banque / Finance,Directeur Général,contact@boacotedivoire.com,,https://calendly.com/transferai/45min,tier2,public_web_only,crm_import_ci_200,Prospection CI — Banque / Finance,,banque_kyc_reporting,ready,False,,,,2026-06-12T23:49:44.974418Z,2026-06-12T23:49:44.974418Z,2026-06-12T23:49:44.974418Z
ci-orabank-c-te-d-ivoire-016,Orabank Côte d'Ivoire,https://www.orabank.net/ci,Côte d'Ivoire,Banque privée,Banque / Finance,Directeur Général,contact.ci@orabank.net,,https://calendly.com/transferai/45min,tier2,public_web_only,crm_import_ci_200,Prospection CI — Banque / Finance,,banque_kyc_reporting,ready,False,,,,2026-06-12T23:49:44.974418Z,2026-06-12T23:49:44.974418Z,2026-06-12T23:49:44.974418Z
ci-versus-bank-017,Versus Bank,https://www.versusbank.com,Côte d'Ivoire,Banque privée,Banque / Finance,Directeur Général,contact@versusbank.com,,https://calendly.com/transferai/45min,tier2,public_web_only,crm_import_ci_200,Prospection CI — Banque / Finance,,banque_kyc_reporting,ready,False,,,,2026-06-12T23:49:44.974418Z,2026-06-12T23:49:44.974418Z,2026-06-12T23:49:44.974418Z
ci-gtbank-c-te-d-ivoire-018,GTBank Côte d'Ivoire,https://www.gtbank.ci,Côte d'Ivoire,Banque privée internationale,Banque / Finance,Directeur Général,contact@gtbank.ci,,https://calendly.com/transferai/45min,tier2,public_web_only,crm_import_ci_200,Prospection CI — Banque / Finance,,banque_kyc_reporting,ready,False,,,,2026-06-12T23:49:44.974418Z,2026-06-12T23:49:44.974418Z,2026-06-12T23:49:44.974418Z
ci-uba-c-te-d-ivoire-019,UBA Côte d'Ivoire,https://www.ubagroup.com/ivory-coast,Côte d'Ivoire,Banque privée internationale,Banque / Finance,Directeur Général,uba.ci@ubagroup.com,,https://calendly.com/transferai/45min,tier2,public_web_only,crm_import_ci_200,Prospection CI — Banque / Finance,,banque_kyc_reporting,ready,False,,,,2026-06-12T23:49:44.974418Z,2026-06-12T23:49:44.974418Z,2026-06-12T23:49:44.974418Z
ci-baci-banque-africaine-pour-le-commerce-020,BACI — Banque Africaine pour le Commerce,https://www.baci-bank.com,Côte d'Ivoire,Banque privée,Banque / Finance,Directeur Général,contact@baci-bank.com,,https://calendly.com/transferai/45min,tier2,public_web_only,crm_import_ci_200,Prospection CI — Banque / Finance,,banque_kyc_reporting,ready,False,,,,2026-06-12T23:49:44.974418Z,2026-06-12T23:49:44.974418Z,2026-06-12T23:49:44.974418Z
ci-nsia-assurances-c-te-d-ivoire-021,NSIA Assurances Côte d'Ivoire,https://www.nsia.ci,Côte d'Ivoire,Assurance privée,Assurance,Directeur Général,contact@nsia.ci,,https://calendly.com/transferai/45min,tier1,public_web_only,crm_import_ci_200,Prospection CI — Assurance,,reporting_financier_assiste,ready,False,,,,2026-06-12T23:49:44.974418Z,2026-06-12T23:49:44.974418Z,2026-06-12T23:49:44.974418Z
ci-allianz-c-te-d-ivoire-022,Allianz Côte d'Ivoire,https://www.allianz.ci,Côte d'Ivoire,Assurance multinationale,Assurance,Directeur Général,contact@allianz.ci,,https://calendly.com/transferai/45min,tier1,public_web_only,crm_import_ci_200,Prospection CI — Assurance,,reporting_financier_assiste,ready,False,,,,2026-06-12T23:49:44.974418Z,2026-06-12T23:49:44.974418Z,2026-06-12T23:49:44.974418Z
ci-sanlam-c-te-d-ivoire-023,Sanlam Côte d'Ivoire,https://www.sanlam.ci,Côte d'Ivoire,Assurance multinationale,Assurance,Directeur Général,contact@sanlam.ci,,https://calendly.com/transferai/45min,tier2,public_web_only,crm_import_ci_200,Prospection CI — Assurance,,reporting_financier_assiste,ready,False,,,,2026-06-12T23:49:44.974418Z,2026-06-12T23:49:44.974418Z,2026-06-12T23:49:44.974418Z
ci-saham-assurance-ci-024,Saham Assurance CI,https://www.saham.ci,Côte d'Ivoire,Assurance privée,Assurance,Directeur Général,contact@saham.ci,,https://calendly.com/transferai/45min,tier2,public_web_only,crm_import_ci_200,Prospection CI — Assurance,,reporting_financier_assiste,ready,False,,,,2026-06-12T23:49:44.974418Z,2026-06-12T23:49:44.974418Z,2026-06-12T23:49:44.974418Z
ci-axa-c-te-d-ivoire-025,AXA Côte d'Ivoire,https://www.axa.ci,Côte d'Ivoire,Assurance multinationale,Assurance,Directeur Général,contact@axa.ci,,https://calendly.com/transferai/45min,tier2,public_web_only,crm_import_ci_200,Prospection CI — Assurance,,reporting_financier_assiste,ready,False,,,,2026-06-12T23:49:44.974418Z,2026-06-12T23:49:44.974418Z,2026-06-12T23:49:44.974418Z
ci-sunu-assurances-ci-026,SUNU Assurances CI,https://www.sunuassurances.com,Côte d'Ivoire,Assurance privée,Assurance,Directeur Général,contact.ci@sunuassurances.com,,https://calendly.com/transferai/45min,tier2,public_web_only,crm_import_ci_200,Prospection CI — Assurance,,reporting_financier_assiste,ready,False,,,,2026-06-12T23:49:44.974418Z,2026-06-12T23:49:44.974418Z,2026-06-12T23:49:44.974418Z
ci-cnar-caisse-nationale-de-retraite-027,CNAR — Caisse Nationale de Retraite,https://www.cnar.ci,Côte d'Ivoire,Institution publique,Retraite / Protection sociale,Directeur Général,contact@cnar.ci,,https://calendly.com/transferai/45min,tier2,public_web_only,crm_import_ci_200,Prospection CI — Retraite / Protection sociale,,reporting_financier_assiste,ready,False,,,,2026-06-12T23:49:44.974418Z,2026-06-12T23:49:44.974418Z,2026-06-12T23:49:44.974418Z
ci-cie-compagnie-ivoirienne-d-lectricit-028,CIE — Compagnie Ivoirienne d'Électricité,https://www.cie.ci,Côte d'Ivoire,Concessionnaire public/privé,Énergie / Électricité,Directeur Général,contact@cie.ci,,https://calendly.com/transferai/45min,tier1,public_web_only,crm_import_ci_200,Prospection CI — Énergie / Électricité,,workflow_administratif,ready,False,,,,2026-06-12T23:49:44.974418Z,2026-06-12T23:49:44.974418Z,2026-06-12T23:49:44.974418Z
ci-ci-energies-029,CI-Energies,https://www.ci-energies.ci,Côte d'Ivoire,Entreprise publique,Énergie / Électricité,Directeur Général,contact@ci-energies.ci,,https://calendly.com/transferai/45min,tier1,public_web_only,crm_import_ci_200,Prospection CI — Énergie / Électricité,,workflow_administratif,ready,False,,,,2026-06-12T23:49:44.974418Z,2026-06-12T23:49:44.974418Z,2026-06-12T23:49:44.974418Z
ci-petroci-030,PETROCI,https://www.petroci.ci,Côte d'Ivoire,Entreprise publique,Énergie / Pétrole & Gaz,Directeur Général,contact@petroci.ci,,https://calendly.com/transferai/45min,tier1,public_web_only,crm_import_ci_200,Prospection CI — Énergie / Pétrole & Gaz,,workflow_administratif,ready,False,,,,2026-06-12T23:49:44.974418Z,2026-06-12T23:49:44.974418Z,2026-06-12T23:49:44.974418Z
ci-sodeci-soci-t-de-distribution-d-eau-ci-031,SODECI — Société de Distribution d'Eau CI,https://www.sodeci.ci,Côte d'Ivoire,Concessionnaire public/privé,Eau / Utilities,Directeur Général,contact@sodeci.ci,,https://calendly.com/transferai/45min,tier1,public_web_only,crm_import_ci_200,Prospection CI — Eau / Utilities,,workflow_administratif,ready,False,,,,2026-06-12T23:49:44.974418Z,2026-06-12T23:49:44.974418Z,2026-06-12T23:49:44.974418Z
ci-gestoci-032,GESTOCI,https://www.gestoci.ci,Côte d'Ivoire,Entreprise d'État,Énergie / Stockage,Directeur Général,info@gestoci.ci,,https://calendly.com/transferai/45min,tier2,public_web_only,crm_import_ci_200,Prospection CI — Énergie / Stockage,,workflow_administratif,ready,False,,,,2026-06-12T23:49:44.974418Z,2026-06-12T23:49:44.974418Z,2026-06-12T23:49:44.974418Z
ci-azito-nergie-033,Azito Énergie,https://www.azito.com,Côte d'Ivoire,Producteur d'énergie privé,Énergie / Production,Directeur Général,info@azito.com,,https://calendly.com/transferai/45min,tier2,public_web_only,crm_import_ci_200,Prospection CI — Énergie / Production,,workflow_administratif,ready,False,,,,2026-06-12T23:49:44.974418Z,2026-06-12T23:49:44.974418Z,2026-06-12T23:49:44.974418Z
ci-totalenergies-ci-034,TotalEnergies CI,https://totalenergies.ci,Côte d'Ivoire,Multinationale,Énergie / Pétrole & Gaz,Directeur Général,contact@totalenergies.ci,,https://calendly.com/transferai/45min,tier1,public_web_only,crm_import_ci_200,Prospection CI — Énergie / Pétrole & Gaz,,workflow_administratif,ready,False,,,,2026-06-12T23:49:44.974418Z,2026-06-12T23:49:44.974418Z,2026-06-12T23:49:44.974418Z
ci-shell-c-te-d-ivoire-035,Shell Côte d'Ivoire,https://www.shell.ci,Côte d'Ivoire,Multinationale,Énergie / Pétrole & Gaz,Directeur Général,info@shell.ci,,https://calendly.com/transferai/45min,tier2,public_web_only,crm_import_ci_200,Prospection CI — Énergie / Pétrole & Gaz,,workflow_administratif,ready,False,,,,2026-06-12T23:49:44.974418Z,2026-06-12T23:49:44.974418Z,2026-06-12T23:49:44.974418Z
ci-sifca-036,SIFCA,https://www.sifca.ci,Côte d'Ivoire,Groupe privé,Agro-industrie / Palmier,Directeur Général,contact@sifca.ci,,https://calendly.com/transferai/45min,tier1,public_web_only,crm_import_ci_200,Prospection CI — Agro-industrie / Palmier,,machine_contenu_marketing,ready,False,,,,2026-06-12T23:49:44.974418Z,2026-06-12T23:49:44.974418Z,2026-06-12T23:49:44.974418Z
ci-olam-c-te-d-ivoire-037,Olam Côte d'Ivoire,https://www.olamgroup.com,Côte d'Ivoire,Multinationale,Agro-industrie / Cacao,Directeur Général CI,olam.ci@olamgroup.com,,https://calendly.com/transferai/45min,tier1,public_web_only,crm_import_ci_200,Prospection CI — Agro-industrie / Cacao,,machine_contenu_marketing,ready,False,,,,2026-06-12T23:49:44.974418Z,2026-06-12T23:49:44.974418Z,2026-06-12T23:49:44.974418Z
ci-nestl-c-te-d-ivoire-038,Nestlé Côte d'Ivoire,https://www.nestle.ci,Côte d'Ivoire,Multinationale,Industrie alimentaire,Directeur Général,contact@nestle.ci,,https://calendly.com/transferai/45min,tier1,public_web_only,crm_import_ci_200,Prospection CI — Industrie alimentaire,,machine_contenu_marketing,ready,False,,,,2026-06-12T23:49:44.974418Z,2026-06-12T23:49:44.974418Z,2026-06-12T23:49:44.974418Z
ci-unilever-c-te-d-ivoire-039,Unilever Côte d'Ivoire,https://www.unilever.ci,Côte d'Ivoire,Multinationale,Industrie alimentaire,Directeur Général,contact@unilever.ci,,https://calendly.com/transferai/45min,tier1,public_web_only,crm_import_ci_200,Prospection CI — Industrie alimentaire,,machine_contenu_marketing,ready,False,,,,2026-06-12T23:49:44.974418Z,2026-06-12T23:49:44.974418Z,2026-06-12T23:49:44.974418Z
ci-cargill-c-te-d-ivoire-040,Cargill Côte d'Ivoire,https://www.cargill.com,Côte d'Ivoire,Multinationale,Agro-industrie / Cacao,Directeur Général CI,contact.ci@cargill.com,,https://calendly.com/transferai/45min,tier1,public_web_only,crm_import_ci_200,Prospection CI — Agro-industrie / Cacao,,machine_contenu_marketing,ready,False,,,,2026-06-12T23:49:44.974418Z,2026-06-12T23:49:44.974418Z,2026-06-12T23:49:44.974418Z
ci-sipef-cie-huileries-de-la-m-041,SIPEF — Cie Huileries de la Mé,https://www.sipef.com,Côte d'Ivoire,Entreprise privée,Agro-industrie / Hévéa,Directeur Général,info@sipef.com,,https://calendly.com/transferai/45min,tier2,public_web_only,crm_import_ci_200,Prospection CI — Agro-industrie / Hévéa,,machine_contenu_marketing,ready,False,,,,2026-06-12T23:49:44.974418Z,2026-06-12T23:49:44.974418Z,2026-06-12T23:49:44.974418Z
ci-solibra-042,SOLIBRA,https://www.solibra.ci,Côte d'Ivoire,Entreprise privée,Industrie brassicole,Directeur Général,contact@solibra.ci,,https://calendly.com/transferai/45min,tier2,public_web_only,crm_import_ci_200,Prospection CI — Industrie brassicole,,machine_contenu_marketing,ready,False,,,,2026-06-12T23:49:44.974418Z,2026-06-12T23:49:44.974418Z,2026-06-12T23:49:44.974418Z
ci-saph-soci-t-africaine-de-plantations-d-h-043,SAPH — Société Africaine de Plantations d'Hévéas,https://www.saph-ci.com,Côte d'Ivoire,Entreprise privée,Agro-industrie / Hévéa,Directeur Général,contact@saph-ci.com,,https://calendly.com/transferai/45min,tier2,public_web_only,crm_import_ci_200,Prospection CI — Agro-industrie / Hévéa,,machine_contenu_marketing,ready,False,,,,2026-06-12T23:49:44.974418Z,2026-06-12T23:49:44.974418Z,2026-06-12T23:49:44.974418Z
ci-saf-cacao-044,SAF-CACAO,https://www.saf-cacao.com,Côte d'Ivoire,Entreprise privée,Agro-industrie / Cacao,Directeur Général,contact@saf-cacao.com,,https://calendly.com/transferai/45min,tier2,public_web_only,crm_import_ci_200,Prospection CI — Agro-industrie / Cacao,,machine_contenu_marketing,ready,False,,,,2026-06-12T23:49:44.974418Z,2026-06-12T23:49:44.974418Z,2026-06-12T23:49:44.974418Z
ci-cca-coop-rative-des-cacaoculteurs-045,CCA — Coopérative des Cacaoculteurs,https://www.cca.ci,Côte d'Ivoire,Coopérative,Agro-industrie / Cacao,Directeur Général,info@cca.ci,,https://calendly.com/transferai/45min,tier3,public_web_only,crm_import_ci_200,Prospection CI — Agro-industrie / Cacao,,workflow_administratif,ready,False,,,,2026-06-12T23:49:44.974418Z,2026-06-12T23:49:44.974418Z,2026-06-12T23:49:44.974418Z
ci-cfao-c-te-d-ivoire-046,CFAO Côte d'Ivoire,https://www.cfao.com/ci,Côte d'Ivoire,Groupe privé multinational,Distribution / Automobile,Directeur Général,contact.ci@cfao.com,,https://calendly.com/transferai/45min,tier1,public_web_only,crm_import_ci_200,Prospection CI — Distribution / Automobile,,service_client_multicanal,ready,False,,,,2026-06-12T23:49:44.974418Z,2026-06-12T23:49:44.974418Z,2026-06-12T23:49:44.974418Z
ci-prosuma-047,Prosuma,https://www.prosuma.ci,Côte d'Ivoire,Groupe privé,Grande distribution,Directeur Général,contact@prosuma.ci,,https://calendly.com/transferai/45min,tier2,public_web_only,crm_import_ci_200,Prospection CI — Grande distribution,,service_client_multicanal,ready,False,,,,2026-06-12T23:49:44.974418Z,2026-06-12T23:49:44.974418Z,2026-06-12T23:49:44.974418Z
ci-sdtm-st-distribution-traitement-de-mat-r-048,SDTM — Sté Distribution & Traitement de Matériel,https://www.sdtm.ci,Côte d'Ivoire,Entreprise privée,Distribution,Directeur Général,contact@sdtm.ci,,https://calendly.com/transferai/45min,tier2,public_web_only,crm_import_ci_200,Prospection CI — Distribution,,service_client_multicanal,ready,False,,,,2026-06-12T23:49:44.974418Z,2026-06-12T23:49:44.974418Z,2026-06-12T23:49:44.974418Z
ci-tractafric-c-te-d-ivoire-049,Tractafric Côte d'Ivoire,https://www.tractafric.com,Côte d'Ivoire,Groupe privé multinational,Distribution / Équipements,Directeur Général,contact.ci@tractafric.com,,https://calendly.com/transferai/45min,tier2,public_web_only,crm_import_ci_200,Prospection CI — Distribution / Équipements,,service_client_multicanal,ready,False,,,,2026-06-12T23:49:44.974418Z,2026-06-12T23:49:44.974418Z,2026-06-12T23:49:44.974418Z
ci-hayat-kimya-ci-050,Hayat Kimya CI,https://www.hayat.com.tr,Côte d'Ivoire,Multinationale,Industrie / Distribution,Directeur Général CI,info.ci@hayat.com,,https://calendly.com/transferai/45min,tier2,public_web_only,crm_import_ci_200,Prospection CI — Industrie / Distribution,,operations_terrain_coordination,ready,False,,,,2026-06-12T23:49:44.974418Z,2026-06-12T23:49:44.974418Z,2026-06-12T23:49:44.974418Z
ci-cevital-c-te-d-ivoire-051,CEVITAL Côte d'Ivoire,https://www.cevital.com,Côte d'Ivoire,Multinationale,Agroalimentaire / Distribution,Directeur Général CI,contact.ci@cevital.com,,https://calendly.com/transferai/45min,tier2,public_web_only,crm_import_ci_200,Prospection CI — Agroalimentaire / Distribution,,machine_contenu_marketing,ready,False,,,,2026-06-12T23:49:44.974418Z,2026-06-12T23:49:44.974418Z,2026-06-12T23:49:44.974418Z
ci-bnetd-bureau-national-d-tudes-techniques-052,BNETD — Bureau National d'Études Techniques,https://www.bnetd.ci,Côte d'Ivoire,Bureau d'études public,BTP / Ingénierie,Directeur Général,contact@bnetd.ci,,https://calendly.com/transferai/45min,tier1,public_web_only,crm_import_ci_200,Prospection CI — BTP / Ingénierie,,operations_terrain_coordination,ready,False,,,,2026-06-12T23:49:44.974418Z,2026-06-12T23:49:44.974418Z,2026-06-12T23:49:44.974418Z
ci-bouygues-construction-ci-053,Bouygues Construction CI,https://www.bouygues-construction.com,Côte d'Ivoire,Multinationale,BTP,Directeur Général CI,bouygues.ci@bouygues.fr,,https://calendly.com/transferai/45min,tier1,public_web_only,crm_import_ci_200,Prospection CI — BTP,,operations_terrain_coordination,ready,False,,,,2026-06-12T23:49:44.974418Z,2026-06-12T23:49:44.974418Z,2026-06-12T23:49:44.974418Z
ci-colas-c-te-d-ivoire-054,Colas Côte d'Ivoire,https://www.colas.ci,Côte d'Ivoire,Multinationale,BTP / Routes,Directeur Général,contact@colas.ci,,https://calendly.com/transferai/45min,tier1,public_web_only,crm_import_ci_200,Prospection CI — BTP / Routes,,operations_terrain_coordination,ready,False,,,,2026-06-12T23:49:44.974418Z,2026-06-12T23:49:44.974418Z,2026-06-12T23:49:44.974418Z
ci-eiffage-ci-055,Eiffage CI,https://www.eiffage.com,Côte d'Ivoire,Multinationale,BTP / Concessions,Directeur Général CI,eiffage.ci@eiffage.fr,,https://calendly.com/transferai/45min,tier1,public_web_only,crm_import_ci_200,Prospection CI — BTP / Concessions,,operations_terrain_coordination,ready,False,,,,2026-06-12T23:49:44.974418Z,2026-06-12T23:49:44.974418Z,2026-06-12T23:49:44.974418Z
ci-sogetra-056,SOGETRA,https://www.sogetra.ci,Côte d'Ivoire,Entreprise privée,BTP / TP,Directeur Général,contact@sogetra.ci,,https://calendly.com/transferai/45min,tier2,public_web_only,crm_import_ci_200,Prospection CI — BTP / TP,,operations_terrain_coordination,ready,False,,,,2026-06-12T23:49:44.974418Z,2026-06-12T23:49:44.974418Z,2026-06-12T23:49:44.974418Z
ci-setraf-057,SETRAF,https://www.setraf.ci,Côte d'Ivoire,Entreprise privée,BTP / Travaux routiers,Directeur Général,info@setraf.ci,,https://calendly.com/transferai/45min,tier2,public_web_only,crm_import_ci_200,Prospection CI — BTP / Travaux routiers,,operations_terrain_coordination,ready,False,,,,2026-06-12T23:49:44.974418Z,2026-06-12T23:49:44.974418Z,2026-06-12T23:49:44.974418Z
ci-gfc-grands-froids-de-c-te-d-ivoire-058,GFC — Grands Froids de Côte d'Ivoire,https://www.gfc.ci,Côte d'Ivoire,Entreprise privée,BTP / Froid industriel,Directeur Général,contact@gfc.ci,,https://calendly.com/transferai/45min,tier3,public_web_only,crm_import_ci_200,Prospection CI — BTP / Froid industriel,,operations_terrain_coordination,ready,False,,,,2026-06-12T23:49:44.974418Z,2026-06-12T23:49:44.974418Z,2026-06-12T23:49:44.974418Z
ci-sietho-059,SIETHO,https://www.sietho.ci,Côte d'Ivoire,Entreprise privée,BTP / Immobilier,Directeur Général,info@sietho.ci,,https://calendly.com/transferai/45min,tier3,public_web_only,crm_import_ci_200,Prospection CI — BTP / Immobilier,,workflow_administratif,ready,False,,,,2026-06-12T23:49:44.974418Z,2026-06-12T23:49:44.974418Z,2026-06-12T23:49:44.974418Z
ci-air-c-te-d-ivoire-060,Air Côte d'Ivoire,https://www.aircotedivoire.com,Côte d'Ivoire,Compagnie aérienne nationale,Transport aérien,Directeur Général,contact@aircotedivoire.com,,https://calendly.com/transferai/45min,tier1,public_web_only,crm_import_ci_200,Prospection CI — Transport aérien,,operations_terrain_coordination,ready,False,,,,2026-06-12T23:49:44.974418Z,2026-06-12T23:49:44.974418Z,2026-06-12T23:49:44.974418Z
ci-port-autonome-d-abidjan-061,Port Autonome d'Abidjan,https://www.portabidjan.ci,Côte d'Ivoire,Établissement public,Port / Logistique,Directeur Général,contact@portabidjan.ci,,https://calendly.com/transferai/45min,tier1,public_web_only,crm_import_ci_200,Prospection CI — Port / Logistique,,operations_terrain_coordination,ready,False,,,,2026-06-12T23:49:44.974418Z,2026-06-12T23:49:44.974418Z,2026-06-12T23:49:44.974418Z
ci-abidjan-terminal-062,Abidjan Terminal,https://www.abidjan-terminal.net,Côte d'Ivoire,Entreprise privée,Logistique portuaire,Directeur Général,contact@abidjan-terminal.net,,https://calendly.com/transferai/45min,tier1,public_web_only,crm_import_ci_200,Prospection CI — Logistique portuaire,,operations_terrain_coordination,ready,False,,,,2026-06-12T23:49:44.974418Z,2026-06-12T23:49:44.974418Z,2026-06-12T23:49:44.974418Z
ci-bollor-transport-logistics-ci-063,Bolloré Transport & Logistics CI,https://www.bollore-logistics.com,Côte d'Ivoire,Multinationale,Logistique / Transport,Directeur Général CI,contact.ci@bollore-logistics.com,,https://calendly.com/transferai/45min,tier1,public_web_only,crm_import_ci_200,Prospection CI — Logistique / Transport,,operations_terrain_coordination,ready,False,,,,2026-06-12T23:49:44.974418Z,2026-06-12T23:49:44.974418Z,2026-06-12T23:49:44.974418Z
ci-dhl-express-c-te-d-ivoire-064,DHL Express Côte d'Ivoire,https://www.dhl.com/ci,Côte d'Ivoire,Multinationale,Logistique / Express,Directeur Général,customer.service@dhl.ci,,https://calendly.com/transferai/45min,tier2,public_web_only,crm_import_ci_200,Prospection CI — Logistique / Express,,operations_terrain_coordination,ready,False,,,,2026-06-12T23:49:44.974418Z,2026-06-12T23:49:44.974418Z,2026-06-12T23:49:44.974418Z
ci-sivom-soci-t-ivoirienne-de-mobilit-065,SIVOM — Société Ivoirienne de Mobilité,https://www.sivom.ci,Côte d'Ivoire,Entreprise publique,Transport urbain,Directeur Général,contact@sivom.ci,,https://calendly.com/transferai/45min,tier2,public_web_only,crm_import_ci_200,Prospection CI — Transport urbain,,operations_terrain_coordination,ready,False,,,,2026-06-12T23:49:44.974418Z,2026-06-12T23:49:44.974418Z,2026-06-12T23:49:44.974418Z
ci-a-roport-international-fhb-066,Aéroport International FHB,https://www.aeria.ci,Côte d'Ivoire,Établissement public,Transport aérien / Aéroport,Directeur Général,contact@aeria.ci,,https://calendly.com/transferai/45min,tier2,public_web_only,crm_import_ci_200,Prospection CI — Transport aérien / Aéroport,,operations_terrain_coordination,ready,False,,,,2026-06-12T23:49:44.974418Z,2026-06-12T23:49:44.974418Z,2026-06-12T23:49:44.974418Z
ci-fedex-c-te-d-ivoire-067,FedEx Côte d'Ivoire,https://www.fedex.com/fr-ci/,Côte d'Ivoire,Multinationale,Logistique / Express,Directeur Général CI,customer.support@fedex.com,,https://calendly.com/transferai/45min,tier2,public_web_only,crm_import_ci_200,Prospection CI — Logistique / Express,,operations_terrain_coordination,ready,False,,,,2026-06-12T23:49:44.974418Z,2026-06-12T23:49:44.974418Z,2026-06-12T23:49:44.974418Z
ci-sdv-c-te-d-ivoire-bollor-068,SDV Côte d'Ivoire (Bolloré),https://www.bollore-logistics.com,Côte d'Ivoire,Multinationale,Logistique / Fret,Directeur Général CI,info.ci@bollore.com,,https://calendly.com/transferai/45min,tier2,public_web_only,crm_import_ci_200,Prospection CI — Logistique / Fret,,operations_terrain_coordination,ready,False,,,,2026-06-12T23:49:44.974418Z,2026-06-12T23:49:44.974418Z,2026-06-12T23:49:44.974418Z
ci-chu-de-yopougon-069,CHU de Yopougon,https://www.chuy.ci,Côte d'Ivoire,Centre hospitalier public,Santé / Hôpital,Directeur Général,contact@chuy.ci,,https://calendly.com/transferai/45min,tier2,public_web_only,crm_import_ci_200,Prospection CI — Santé / Hôpital,,telemedecine_triage_orientation,ready,False,,,,2026-06-12T23:49:44.974418Z,2026-06-12T23:49:44.974418Z,2026-06-12T23:49:44.974418Z
ci-chu-de-cocody-070,CHU de Cocody,https://www.chuc.ci,Côte d'Ivoire,Centre hospitalier public,Santé / Hôpital,Directeur Général,contact@chuc.ci,,https://calendly.com/transferai/45min,tier2,public_web_only,crm_import_ci_200,Prospection CI — Santé / Hôpital,,telemedecine_triage_orientation,ready,False,,,,2026-06-12T23:49:44.974418Z,2026-06-12T23:49:44.974418Z,2026-06-12T23:49:44.974418Z
ci-sodipharm-071,SODIPHARM,https://www.sodipharm.ci,Côte d'Ivoire,Entreprise privée,Pharmacie / Distribution,Directeur Général,contact@sodipharm.ci,,https://calendly.com/transferai/45min,tier2,public_web_only,crm_import_ci_200,Prospection CI — Pharmacie / Distribution,,telemedecine_triage_orientation,ready,False,,,,2026-06-12T23:49:44.974418Z,2026-06-12T23:49:44.974418Z,2026-06-12T23:49:44.974418Z
ci-ivoire-pharma-072,Ivoire Pharma,https://www.ivoirepharma.ci,Côte d'Ivoire,Entreprise privée,Pharmacie,Directeur Général,info@ivoirepharma.ci,,https://calendly.com/transferai/45min,tier2,public_web_only,crm_import_ci_200,Prospection CI — Pharmacie,,telemedecine_triage_orientation,ready,False,,,,2026-06-12T23:49:44.974418Z,2026-06-12T23:49:44.974418Z,2026-06-12T23:49:44.974418Z
ci-polyclinique-internationale-de-cocody-073,POLYCLINIQUE INTERNATIONALE DE COCODY,https://www.pic.ci,Côte d'Ivoire,Clinique privée,Santé / Clinique,Directeur Général,contact@pic.ci,,https://calendly.com/transferai/45min,tier2,public_web_only,crm_import_ci_200,Prospection CI — Santé / Clinique,,telemedecine_triage_orientation,ready,False,,,,2026-06-12T23:49:44.974418Z,2026-06-12T23:49:44.974418Z,2026-06-12T23:49:44.974418Z
ci-cnam-caisse-nationale-d-assurance-maladi-074,CNAM — Caisse Nationale d'Assurance Maladie,https://www.cnam.ci,Côte d'Ivoire,Institution publique,Santé / Protection sociale,Directeur Général,contact@cnam.ci,,https://calendly.com/transferai/45min,tier2,public_web_only,crm_import_ci_200,Prospection CI — Santé / Protection sociale,,reporting_financier_assiste,ready,False,,,,2026-06-12T23:49:44.974418Z,2026-06-12T23:49:44.974418Z,2026-06-12T23:49:44.974418Z
ci-rti-radio-t-l-vision-ivoirienne-075,RTI — Radio Télévision Ivoirienne,https://www.rti.ci,Côte d'Ivoire,Établissement public,Médias audiovisuels,Directeur Général,contact@rti.ci,,https://calendly.com/transferai/45min,tier2,public_web_only,crm_import_ci_200,Prospection CI — Médias audiovisuels,,machine_contenu_marketing,ready,False,,,,2026-06-12T23:49:44.974418Z,2026-06-12T23:49:44.974418Z,2026-06-12T23:49:44.974418Z
ci-nci-076,NCI,https://www.nci.ci,Côte d'Ivoire,Entreprise privée,Médias audiovisuels,Directeur Général,contact@nci.ci,,https://calendly.com/transferai/45min,tier2,public_web_only,crm_import_ci_200,Prospection CI — Médias audiovisuels,,machine_contenu_marketing,ready,False,,,,2026-06-12T23:49:44.974418Z,2026-06-12T23:49:44.974418Z,2026-06-12T23:49:44.974418Z
ci-la-nouvelle-cha-ne-ivoirienne-077,La Nouvelle Chaîne Ivoirienne,https://www.la1ere.francetvinfo.fr,Côte d'Ivoire,Entreprise privée,Médias audiovisuels,Directeur Général,contact@lnci.ci,,https://calendly.com/transferai/45min,tier3,public_web_only,crm_import_ci_200,Prospection CI — Médias audiovisuels,,machine_contenu_marketing,ready,False,,,,2026-06-12T23:49:44.974418Z,2026-06-12T23:49:44.974418Z,2026-06-12T23:49:44.974418Z
ci-fraternit-matin-078,Fraternité Matin,https://www.fratmat.info,Côte d'Ivoire,Entreprise publique de presse,Presse écrite,Directeur Général,contact@fratmat.info,,https://calendly.com/transferai/45min,tier3,public_web_only,crm_import_ci_200,Prospection CI — Presse écrite,,machine_contenu_marketing,ready,False,,,,2026-06-12T23:49:44.974418Z,2026-06-12T23:49:44.974418Z,2026-06-12T23:49:44.974418Z
ci-abidjan-net-079,Abidjan.net,https://www.abidjan.net,Côte d'Ivoire,Entreprise privée,Médias digitaux,Directeur Général,info@abidjan.net,,https://calendly.com/transferai/45min,tier3,public_web_only,crm_import_ci_200,Prospection CI — Médias digitaux,,machine_contenu_marketing,ready,False,,,,2026-06-12T23:49:44.974418Z,2026-06-12T23:49:44.974418Z,2026-06-12T23:49:44.974418Z
ci-7info-ci-080,7info.ci,https://www.7info.ci,Côte d'Ivoire,Entreprise privée,Médias digitaux,Directeur Général,contact@7info.ci,,https://calendly.com/transferai/45min,tier3,public_web_only,crm_import_ci_200,Prospection CI — Médias digitaux,,machine_contenu_marketing,ready,False,,,,2026-06-12T23:49:44.974418Z,2026-06-12T23:49:44.974418Z,2026-06-12T23:49:44.974418Z
ci-h-tel-ivoire-abidjan-081,Hôtel Ivoire Abidjan,https://www.sofitel-abidjan.com,Côte d'Ivoire,Groupe hôtelier,Hôtellerie / Tourisme,Directeur Général,h9240@sofitel.com,,https://calendly.com/transferai/45min,tier2,public_web_only,crm_import_ci_200,Prospection CI — Hôtellerie / Tourisme,,service_client_multicanal,ready,False,,,,2026-06-12T23:49:44.974418Z,2026-06-12T23:49:44.974418Z,2026-06-12T23:49:44.974418Z
ci-pullman-abidjan-082,Pullman Abidjan,https://all.accor.com/hotel/0583,Côte d'Ivoire,Groupe hôtelier multinational,Hôtellerie / Tourisme,Directeur Général,h0583@accor.com,,https://calendly.com/transferai/45min,tier2,public_web_only,crm_import_ci_200,Prospection CI — Hôtellerie / Tourisme,,service_client_multicanal,ready,False,,,,2026-06-12T23:49:44.974418Z,2026-06-12T23:49:44.974418Z,2026-06-12T23:49:44.974418Z
ci-radisson-blu-abidjan-083,Radisson Blu Abidjan,https://www.radissonhotels.com/abidjan,Côte d'Ivoire,Groupe hôtelier multinational,Hôtellerie / Tourisme,Directeur Général,info.abidjan@radissonblu.com,,https://calendly.com/transferai/45min,tier2,public_web_only,crm_import_ci_200,Prospection CI — Hôtellerie / Tourisme,,service_client_multicanal,ready,False,,,,2026-06-12T23:49:44.974418Z,2026-06-12T23:49:44.974418Z,2026-06-12T23:49:44.974418Z
ci-novotel-abidjan-084,Novotel Abidjan,https://all.accor.com/hotel/1190,Côte d'Ivoire,Groupe hôtelier multinational,Hôtellerie / Tourisme,Directeur Général,h1190@accor.com,,https://calendly.com/transferai/45min,tier2,public_web_only,crm_import_ci_200,Prospection CI — Hôtellerie / Tourisme,,service_client_multicanal,ready,False,,,,2026-06-12T23:49:44.974418Z,2026-06-12T23:49:44.974418Z,2026-06-12T23:49:44.974418Z
ci-golden-tulip-abidjan-085,Golden Tulip Abidjan,https://www.goldentulipabidjan.com,Côte d'Ivoire,Groupe hôtelier,Hôtellerie / Tourisme,Directeur Général,info@goldentulipabidjan.com,,https://calendly.com/transferai/45min,tier3,public_web_only,crm_import_ci_200,Prospection CI — Hôtellerie / Tourisme,,service_client_multicanal,ready,False,,,,2026-06-12T23:49:44.974418Z,2026-06-12T23:49:44.974418Z,2026-06-12T23:49:44.974418Z
ci-intouch-086,InTouch,https://www.intouchgroup.net,Côte d'Ivoire,Entreprise tech privée,Technologie / Paiement,Directeur Général,contact@intouchgroup.net,,https://calendly.com/transferai/45min,tier1,public_web_only,crm_import_ci_200,Prospection CI — Technologie / Paiement,,support_it_intelligent,ready,False,,,,2026-06-12T23:49:44.974418Z,2026-06-12T23:49:44.974418Z,2026-06-12T23:49:44.974418Z
ci-orange-money-ci-orange-ci-087,Orange Money CI (Orange CI),https://www.orange.ci/orangemoney,Côte d'Ivoire,Service d'une multinationale,Fintech / Mobile Money,Directeur Général,orangemoney@orange.ci,,https://calendly.com/transferai/45min,tier1,public_web_only,crm_import_ci_200,Prospection CI — Fintech / Mobile Money,,reporting_financier_assiste,ready,False,,,,2026-06-12T23:49:44.974418Z,2026-06-12T23:49:44.974418Z,2026-06-12T23:49:44.974418Z
ci-mtn-mobile-money-ci-088,MTN Mobile Money CI,https://www.mtn.ci/momo,Côte d'Ivoire,Service d'une multinationale,Fintech / Mobile Money,Directeur Général,momo@mtn.ci,,https://calendly.com/transferai/45min,tier1,public_web_only,crm_import_ci_200,Prospection CI — Fintech / Mobile Money,,reporting_financier_assiste,ready,False,,,,2026-06-12T23:49:44.974418Z,2026-06-12T23:49:44.974418Z,2026-06-12T23:49:44.974418Z
ci-payunit-ci-089,PayUnit CI,https://www.payunit.net,Côte d'Ivoire,Startup tech,Fintech / Paiement,Directeur Général,contact@payunit.net,,https://calendly.com/transferai/45min,tier2,public_web_only,crm_import_ci_200,Prospection CI — Fintech / Paiement,,support_it_intelligent,ready,False,,,,2026-06-12T23:49:44.974418Z,2026-06-12T23:49:44.974418Z,2026-06-12T23:49:44.974418Z
ci-dpo-group-c-te-d-ivoire-090,DPO Group Côte d'Ivoire,https://www.dpogroup.com,Côte d'Ivoire,Entreprise tech,Fintech / E-commerce,Directeur Général CI,info@dpogroup.com,,https://calendly.com/transferai/45min,tier2,public_web_only,crm_import_ci_200,Prospection CI — Fintech / E-commerce,,support_it_intelligent,ready,False,,,,2026-06-12T23:49:44.974418Z,2026-06-12T23:49:44.974418Z,2026-06-12T23:49:44.974418Z
ci-orca-telecoms-ci-091,ORCA Telecoms CI,https://www.orcatelecom.com,Côte d'Ivoire,Entreprise tech,Technologie / IT,Directeur Général,contact@orcatelecom.com,,https://calendly.com/transferai/45min,tier2,public_web_only,crm_import_ci_200,Prospection CI — Technologie / IT,,support_it_intelligent,ready,False,,,,2026-06-12T23:49:44.974418Z,2026-06-12T23:49:44.974418Z,2026-06-12T23:49:44.974418Z
ci-celtiis-ci-092,Celtiis CI,https://www.celtiis.com,Côte d'Ivoire,Entreprise tech,Technologie / Internet,Directeur Général,contact.ci@celtiis.com,,https://calendly.com/transferai/45min,tier2,public_web_only,crm_import_ci_200,Prospection CI — Technologie / Internet,,support_it_intelligent,ready,False,,,,2026-06-12T23:49:44.974418Z,2026-06-12T23:49:44.974418Z,2026-06-12T23:49:44.974418Z
ci-alink-telecom-093,ALINK Telecom,https://www.alink-telecom.com,Côte d'Ivoire,Entreprise tech,Technologie / Connectivité,Directeur Général,contact@alink-telecom.com,,https://calendly.com/transferai/45min,tier3,public_web_only,crm_import_ci_200,Prospection CI — Technologie / Connectivité,,support_it_intelligent,ready,False,,,,2026-06-12T23:49:44.974418Z,2026-06-12T23:49:44.974418Z,2026-06-12T23:49:44.974418Z
ci-sodemi-st-pour-le-d-veloppement-minier-094,SODEMI — Sté pour le Développement Minier,https://www.sodemi.ci,Côte d'Ivoire,Entreprise publique,Mines / Ressources naturelles,Directeur Général,contact@sodemi.ci,,https://calendly.com/transferai/45min,tier2,public_web_only,crm_import_ci_200,Prospection CI — Mines / Ressources naturelles,,operations_terrain_coordination,ready,False,,,,2026-06-12T23:49:44.974418Z,2026-06-12T23:49:44.974418Z,2026-06-12T23:49:44.974418Z
ci-endeavour-mining-ci-095,Endeavour Mining CI,https://www.endeavourmining.com,Côte d'Ivoire,Multinationale,Mines / Or,Directeur Général CI,info@endeavourmining.com,,https://calendly.com/transferai/45min,tier2,public_web_only,crm_import_ci_200,Prospection CI — Mines / Or,,operations_terrain_coordination,ready,False,,,,2026-06-12T23:49:44.974418Z,2026-06-12T23:49:44.974418Z,2026-06-12T23:49:44.974418Z
ci-perseus-mining-ci-096,Perseus Mining CI,https://www.perseusmining.com,Côte d'Ivoire,Entreprise internationale,Mines / Or,Directeur Général CI,info@perseusmining.com,,https://calendly.com/transferai/45min,tier2,public_web_only,crm_import_ci_200,Prospection CI — Mines / Or,,operations_terrain_coordination,ready,False,,,,2026-06-12T23:49:44.974418Z,2026-06-12T23:49:44.974418Z,2026-06-12T23:49:44.974418Z
ci-allied-gold-ci-097,Allied Gold CI,https://www.alliedgold.com,Côte d'Ivoire,Entreprise internationale,Mines / Or,Directeur Général CI,info@alliedgold.com,,https://calendly.com/transferai/45min,tier2,public_web_only,crm_import_ci_200,Prospection CI — Mines / Or,,operations_terrain_coordination,ready,False,,,,2026-06-12T23:49:44.974418Z,2026-06-12T23:49:44.974418Z,2026-06-12T23:49:44.974418Z
ci-ageroute-agence-de-gestion-des-routes-098,AGEROUTE — Agence de Gestion des Routes,https://www.ageroute.ci,Côte d'Ivoire,Agence publique,BTP / Routes,Directeur Général,contact@ageroute.ci,,https://calendly.com/transferai/45min,tier2,public_web_only,crm_import_ci_200,Prospection CI — BTP / Routes,,workflow_administratif,ready,False,,,,2026-06-12T23:49:44.974418Z,2026-06-12T23:49:44.974418Z,2026-06-12T23:49:44.974418Z
ci-artci-autorit-t-l-coms-099,ARTCI — Autorité Télécoms,https://www.artci.ci,Côte d'Ivoire,Régulateur public,Régulation / Télécoms,Directeur Général,contact@artci.ci,,https://calendly.com/transferai/45min,tier2,public_web_only,crm_import_ci_200,Prospection CI — Régulation / Télécoms,,workflow_administratif,ready,False,,,,2026-06-12T23:49:44.974418Z,2026-06-12T23:49:44.974418Z,2026-06-12T23:49:44.974418Z
ci-anrmp-autorit-nationale-r-gulation-march-100,ANRMP — Autorité Nationale Régulation Marchés,https://www.anrmp.ci,Côte d'Ivoire,Institution publique,Régulation / Marchés publics,Directeur Général,anrmp@anrmp.ci,,https://calendly.com/transferai/45min,tier2,public_web_only,crm_import_ci_200,Prospection CI — Régulation / Marchés publics,,workflow_administratif,ready,False,,,,2026-06-12T23:49:44.974418Z,2026-06-12T23:49:44.974418Z,2026-06-12T23:49:44.974418Z
ci-cci-ci-chambre-de-commerce-101,CCI-CI — Chambre de Commerce,https://www.cci.ci,Côte d'Ivoire,Institution consulaire,Commerce / Industrie,Directeur Général,info@cci.ci,,https://calendly.com/transferai/45min,tier2,public_web_only,crm_import_ci_200,Prospection CI — Commerce / Industrie,,workflow_administratif,ready,False,,,,2026-06-12T23:49:44.974418Z,2026-06-12T23:49:44.974418Z,2026-06-12T23:49:44.974418Z
ci-brvm-bourse-r-gionale-102,BRVM — Bourse Régionale,https://www.brvm.org,Côte d'Ivoire,Institution régionale,Finance / Bourse,Directeur Général,info@brvm.org,,https://calendly.com/transferai/45min,tier2,public_web_only,crm_import_ci_200,Prospection CI — Finance / Bourse,,workflow_administratif,ready,False,,,,2026-06-12T23:49:44.974418Z,2026-06-12T23:49:44.974418Z,2026-06-12T23:49:44.974418Z
ci-bceao-banque-centrale-103,BCEAO — Banque Centrale,https://www.bceao.int,Côte d'Ivoire,Institution publique régionale,Banque centrale,Gouverneur,info@bceao.int,,https://calendly.com/transferai/45min,tier2,public_web_only,crm_import_ci_200,Prospection CI — Banque centrale,,workflow_administratif,ready,False,,,,2026-06-12T23:49:44.974418Z,2026-06-12T23:49:44.974418Z,2026-06-12T23:49:44.974418Z
ci-mairie-du-plateau-104,Mairie du Plateau,https://www.mairie-abidjan.ci,Côte d'Ivoire,Collectivité territoriale,Administration publique,Maire,contact@mairie-abidjan.ci,,https://calendly.com/transferai/45min,tier3,public_web_only,crm_import_ci_200,Prospection CI — Administration publique,,workflow_administratif,ready,False,,,,2026-06-12T23:49:44.974418Z,2026-06-12T23:49:44.974418Z,2026-06-12T23:49:44.974418Z
ci-district-autonome-d-abidjan-105,District Autonome d'Abidjan,https://www.abidjan.ci,Côte d'Ivoire,Collectivité territoriale,Administration publique,Gouverneur du District,info@abidjan.ci,,https://calendly.com/transferai/45min,tier2,public_web_only,crm_import_ci_200,Prospection CI — Administration publique,,workflow_administratif,ready,False,,,,2026-06-12T23:49:44.974418Z,2026-06-12T23:49:44.974418Z,2026-06-12T23:49:44.974418Z
ci-anader-agence-nationale-d-appui-au-d-vel-106,ANADER — Agence Nationale d'Appui au Développement Rural,https://www.anader.ci,Côte d'Ivoire,Agence publique,Agriculture / Rural,Directeur Général,contact@anader.ci,,https://calendly.com/transferai/45min,tier3,public_web_only,crm_import_ci_200,Prospection CI — Agriculture / Rural,,workflow_administratif,ready,False,,,,2026-06-12T23:49:44.974418Z,2026-06-12T23:49:44.974418Z,2026-06-12T23:49:44.974418Z
ci-cgrae-caisse-retraite-agents-tat-107,CGRAE — Caisse Retraite Agents État,https://www.cgrae.ci,Côte d'Ivoire,Institution publique,Retraite / Administration,Directeur Général,contact@cgrae.ci,,https://calendly.com/transferai/45min,tier3,public_web_only,crm_import_ci_200,Prospection CI — Retraite / Administration,,reporting_financier_assiste,ready,False,,,,2026-06-12T23:49:44.974418Z,2026-06-12T23:49:44.974418Z,2026-06-12T23:49:44.974418Z
ci-minist-re-de-l-conomie-num-rique-108,Ministère de l'Économie Numérique,https://www.men.gouv.ci,Côte d'Ivoire,Ministère,Administration / Numérique,Ministre,contact@men.gouv.ci,,https://calendly.com/transferai/45min,tier2,public_web_only,crm_import_ci_200,Prospection CI — Administration / Numérique,,workflow_administratif,ready,False,,,,2026-06-12T23:49:44.974418Z,2026-06-12T23:49:44.974418Z,2026-06-12T23:49:44.974418Z
ci-cntig-centre-national-t-l-d-tection-109,CNTIG — Centre National Télédétection,https://www.cntig.net,Côte d'Ivoire,Institution publique,Technologie / Géomatique,Directeur Général,info@cntig.net,,https://calendly.com/transferai/45min,tier3,public_web_only,crm_import_ci_200,Prospection CI — Technologie / Géomatique,,workflow_administratif,ready,False,,,,2026-06-12T23:49:44.974418Z,2026-06-12T23:49:44.974418Z,2026-06-12T23:49:44.974418Z
ci-banque-mondiale-bureau-ci-110,Banque Mondiale — Bureau CI,https://www.banquemondiale.org/ci,Côte d'Ivoire,Organisation internationale,Finance / Développement,Représentant Résident,info@worldbank.org,,https://calendly.com/transferai/45min,tier2,public_web_only,crm_import_ci_200,Prospection CI — Finance / Développement,,assistant_direction_documentaire,ready,False,,,,2026-06-12T23:49:44.974418Z,2026-06-12T23:49:44.974418Z,2026-06-12T23:49:44.974418Z
ci-afd-agence-fran-aise-de-d-veloppement-ci-111,AFD — Agence Française de Développement CI,https://www.afd.fr/ci,Côte d'Ivoire,Organisation internationale,Finance / Développement,Directeur Pays CI,afd-abidjan@afd.fr,,https://calendly.com/transferai/45min,tier2,public_web_only,crm_import_ci_200,Prospection CI — Finance / Développement,,assistant_direction_documentaire,ready,False,,,,2026-06-12T23:49:44.974418Z,2026-06-12T23:49:44.974418Z,2026-06-12T23:49:44.974418Z
ci-bad-banque-africaine-de-d-veloppement-112,BAD — Banque Africaine de Développement,https://www.afdb.org,Côte d'Ivoire,Organisation internationale,Finance / Développement,Président,afdb.info@afdb.org,,https://calendly.com/transferai/45min,tier1,public_web_only,crm_import_ci_200,Prospection CI — Finance / Développement,,assistant_direction_documentaire,ready,False,,,,2026-06-12T23:49:44.974418Z,2026-06-12T23:49:44.974418Z,2026-06-12T23:49:44.974418Z
ci-ifc-international-finance-corporation-113,IFC — International Finance Corporation,https://www.ifc.org/ci,Côte d'Ivoire,Organisation internationale,Finance / Développement,Représentant CI,info@ifc.org,,https://calendly.com/transferai/45min,tier2,public_web_only,crm_import_ci_200,Prospection CI — Finance / Développement,,assistant_direction_documentaire,ready,False,,,,2026-06-12T23:49:44.974418Z,2026-06-12T23:49:44.974418Z,2026-06-12T23:49:44.974418Z
ci-usaid-c-te-d-ivoire-114,USAID Côte d'Ivoire,https://ci.usembassy.gov/usaid,Côte d'Ivoire,Organisation internationale,Développement / Aide,Directeur de Mission,usaid.abidjan@usaid.gov,,https://calendly.com/transferai/45min,tier2,public_web_only,crm_import_ci_200,Prospection CI — Développement / Aide,,assistant_direction_documentaire,ready,False,,,,2026-06-12T23:49:44.974418Z,2026-06-12T23:49:44.974418Z,2026-06-12T23:49:44.974418Z
ci-pnud-bureau-ci-115,PNUD — Bureau CI,https://www.undp.org/fr/cote-d-ivoire,Côte d'Ivoire,Organisation internationale,Développement durable,Représentant Résident,undp.abidjan@undp.org,,https://calendly.com/transferai/45min,tier2,public_web_only,crm_import_ci_200,Prospection CI — Développement durable,,assistant_direction_documentaire,ready,False,,,,2026-06-12T23:49:44.974418Z,2026-06-12T23:49:44.974418Z,2026-06-12T23:49:44.974418Z
ci-unicef-c-te-d-ivoire-116,UNICEF Côte d'Ivoire,https://www.unicef.org/cotedivoire,Côte d'Ivoire,Organisation internationale,Développement / Social,Représentant,abidjan@unicef.org,,https://calendly.com/transferai/45min,tier2,public_web_only,crm_import_ci_200,Prospection CI — Développement / Social,,assistant_direction_documentaire,ready,False,,,,2026-06-12T23:49:44.974418Z,2026-06-12T23:49:44.974418Z,2026-06-12T23:49:44.974418Z
ci-union-europ-enne-d-l-gation-ci-117,Union Européenne — Délégation CI,https://www.eeas.europa.eu/ci,Côte d'Ivoire,Organisation internationale,Coopération / Développement,Chef de Délégation,delegation-cote-divoire@eeas.europa.eu,,https://calendly.com/transferai/45min,tier2,public_web_only,crm_import_ci_200,Prospection CI — Coopération / Développement,,assistant_direction_documentaire,ready,False,,,,2026-06-12T23:49:44.974418Z,2026-06-12T23:49:44.974418Z,2026-06-12T23:49:44.974418Z
ci-ambassade-de-france-ci-scac-118,Ambassade de France CI (SCAC),https://ci.ambafrance.org,Côte d'Ivoire,Organisation internationale,Coopération / Culture,Ambassadeur,scac.abidjan@diplomatie.gouv.fr,,https://calendly.com/transferai/45min,tier3,public_web_only,crm_import_ci_200,Prospection CI — Coopération / Culture,,assistant_direction_documentaire,ready,False,,,,2026-06-12T23:49:44.974418Z,2026-06-12T23:49:44.974418Z,2026-06-12T23:49:44.974418Z
ci-giz-c-te-d-ivoire-119,GIZ Côte d'Ivoire,https://www.giz.de/ci,Côte d'Ivoire,Organisation internationale,Développement / Formation,Directeur Pays,info-ci@giz.de,,https://calendly.com/transferai/45min,tier2,public_web_only,crm_import_ci_200,Prospection CI — Développement / Formation,,assistant_direction_documentaire,ready,False,,,,2026-06-12T23:49:44.974418Z,2026-06-12T23:49:44.974418Z,2026-06-12T23:49:44.974418Z
ci-universit-fhb-cocody-120,Université FHB — Cocody,https://www.ufhb.edu.ci,Côte d'Ivoire,Université publique,Éducation / Recherche,Président,contact@ufhb.edu.ci,,https://calendly.com/transferai/45min,tier2,public_web_only,crm_import_ci_200,Prospection CI — Éducation / Recherche,,formation_montee_en_competence,ready,False,,,,2026-06-12T23:49:44.974418Z,2026-06-12T23:49:44.974418Z,2026-06-12T23:49:44.974418Z
ci-inphb-institut-national-polytechnique-121,INPHB — Institut National Polytechnique,https://www.inphb.ci,Côte d'Ivoire,Grande école publique,Éducation / Ingénierie,Directeur Général,contact@inphb.ci,,https://calendly.com/transferai/45min,tier2,public_web_only,crm_import_ci_200,Prospection CI — Éducation / Ingénierie,,formation_montee_en_competence,ready,False,,,,2026-06-12T23:49:44.974418Z,2026-06-12T23:49:44.974418Z,2026-06-12T23:49:44.974418Z
ci-cesag-centre-africain-d-tudes-122,CESAG — Centre Africain d'Études,https://www.cesag.sn,Sénégal,Grande école régionale,Éducation / Management,Directeur Général,contact@cesag.sn,,https://calendly.com/transferai/45min,tier2,public_web_only,crm_import_ci_200,Prospection CI — Éducation / Management,,formation_montee_en_competence,ready,False,,,,2026-06-12T23:49:44.974418Z,2026-06-12T23:49:44.974418Z,2026-06-12T23:49:44.974418Z
ci-esatic-cole-sup-africaine-tic-123,ESATIC — École Sup. Africaine TIC,https://www.esatic.ci,Côte d'Ivoire,Grande école privée,Éducation / Numérique,Directeur Général,info@esatic.ci,,https://calendly.com/transferai/45min,tier2,public_web_only,crm_import_ci_200,Prospection CI — Éducation / Numérique,,formation_montee_en_competence,ready,False,,,,2026-06-12T23:49:44.974418Z,2026-06-12T23:49:44.974418Z,2026-06-12T23:49:44.974418Z
ci-ism-abidjan-124,ISM Abidjan,https://www.ism.sn/abidjan,Côte d'Ivoire,École privée,Éducation / Management,Directeur,abidjan@ism.sn,,https://calendly.com/transferai/45min,tier2,public_web_only,crm_import_ci_200,Prospection CI — Éducation / Management,,formation_montee_en_competence,ready,False,,,,2026-06-12T23:49:44.974418Z,2026-06-12T23:49:44.974418Z,2026-06-12T23:49:44.974418Z
ci-sonatel-orange-s-n-gal-125,Sonatel (Orange Sénégal),https://www.sonatel.sn,Sénégal,Entreprise de télécoms,Télécommunications,Directeur Général,contact@sonatel.com,,https://calendly.com/transferai/45min,tier2,public_web_only,crm_import_ci_200,Prospection CI — Télécommunications,,support_it_intelligent,ready,False,,,,2026-06-12T23:49:44.974418Z,2026-06-12T23:49:44.974418Z,2026-06-12T23:49:44.974418Z
ci-onatel-burkina-faso-126,ONATEL Burkina Faso,https://www.onatel.bf,Burkina Faso,Entreprise publique de télécoms,Télécommunications,Directeur Général,contact@onatel.bf,,https://calendly.com/transferai/45min,tier2,public_web_only,crm_import_ci_200,Prospection CI — Télécommunications,,support_it_intelligent,ready,False,,,,2026-06-12T23:49:44.974418Z,2026-06-12T23:49:44.974418Z,2026-06-12T23:49:44.974418Z
ci-coris-bank-burkina-127,Coris Bank Burkina,https://www.corisbankinternational.com/bf,Burkina Faso,Banque privée,Banque / Finance,Directeur Général,contact.bf@corisbank.com,,https://calendly.com/transferai/45min,tier2,public_web_only,crm_import_ci_200,Prospection CI — Banque / Finance,,banque_kyc_reporting,ready,False,,,,2026-06-12T23:49:44.974418Z,2026-06-12T23:49:44.974418Z,2026-06-12T23:49:44.974418Z
ci-boa-s-n-gal-128,BOA Sénégal,https://www.boasenegal.com,Sénégal,Banque privée,Banque / Finance,Directeur Général,contact@boasenegal.com,,https://calendly.com/transferai/45min,tier3,public_web_only,crm_import_ci_200,Prospection CI — Banque / Finance,,banque_kyc_reporting,ready,False,,,,2026-06-12T23:49:44.974418Z,2026-06-12T23:49:44.974418Z,2026-06-12T23:49:44.974418Z
ci-sgbs-soci-t-g-n-rale-s-n-gal-129,SGBS — Société Générale Sénégal,https://www.sgbs.sn,Sénégal,Banque privée,Banque / Finance,Directeur Général,contact@sgbs.sn,,https://calendly.com/transferai/45min,tier3,public_web_only,crm_import_ci_200,Prospection CI — Banque / Finance,,banque_kyc_reporting,ready,False,,,,2026-06-12T23:49:44.974418Z,2026-06-12T23:49:44.974418Z,2026-06-12T23:49:44.974418Z
ci-oragroup-si-ge-lom-130,ORAGROUP (siège Lomé),https://www.orabank.net,Togo,Banque privée,Banque / Finance,Directeur Général,info@orabank.net,,https://calendly.com/transferai/45min,tier2,public_web_only,crm_import_ci_200,Prospection CI — Banque / Finance,,banque_kyc_reporting,ready,False,,,,2026-06-12T23:49:44.974418Z,2026-06-12T23:49:44.974418Z,2026-06-12T23:49:44.974418Z
ci-ecobank-uemoa-si-ge-lom-131,ECOBANK UEMOA (siège Lomé),https://www.ecobank.com,Togo,Banque multinationale,Banque / Finance,Directeur Général,info@ecobank.com,,https://calendly.com/transferai/45min,tier1,public_web_only,crm_import_ci_200,Prospection CI — Banque / Finance,,banque_kyc_reporting,ready,False,,,,2026-06-12T23:49:44.974418Z,2026-06-12T23:49:44.974418Z,2026-06-12T23:49:44.974418Z
ci-gim-uemoa-132,GIM-UEMOA,https://www.gim-uemoa.org,Côte d'Ivoire,Groupement interbancaire,Fintech / Banque,Directeur Général,info@gim-uemoa.org,,https://calendly.com/transferai/45min,tier2,public_web_only,crm_import_ci_200,Prospection CI — Fintech / Banque,,reporting_financier_assiste,ready,False,,,,2026-06-12T23:49:44.974418Z,2026-06-12T23:49:44.974418Z,2026-06-12T23:49:44.974418Z
ci-waemu-commission-133,WAEMU Commission,https://www.uemoa.int,Côte d'Ivoire,Organisation régionale,Institution régionale,Président,info@uemoa.int,,https://calendly.com/transferai/45min,tier2,public_web_only,crm_import_ci_200,Prospection CI — Institution régionale,,assistant_direction_documentaire,ready,False,,,,2026-06-12T23:49:44.974418Z,2026-06-12T23:49:44.974418Z,2026-06-12T23:49:44.974418Z
ci-cedeao-commission-134,CEDEAO — Commission,https://www.ecowas.int,Nigeria,Organisation régionale,Institution régionale,Président,info@ecowas.int,,https://calendly.com/transferai/45min,tier2,public_web_only,crm_import_ci_200,Prospection CI — Institution régionale,,assistant_direction_documentaire,ready,False,,,,2026-06-12T23:49:44.974418Z,2026-06-12T23:49:44.974418Z,2026-06-12T23:49:44.974418Z
ci-brvm-subsidiaires-135,BRVM — subsidiaires,https://www.brvm.org/fr/societes-cotees,Côte d'Ivoire,Institution régionale,Finance / Bourse,Directeur Général,societes@brvm.org,,https://calendly.com/transferai/45min,tier2,public_web_only,crm_import_ci_200,Prospection CI — Finance / Bourse,,workflow_administratif,ready,False,,,,2026-06-12T23:49:44.974418Z,2026-06-12T23:49:44.974418Z,2026-06-12T23:49:44.974418Z
ci-mtn-ghana-136,MTN Ghana,https://www.mtn.com.gh,Ghana,Entreprise de télécoms,Télécommunications,Directeur Général,corporate@mtn.com.gh,,https://calendly.com/transferai/45min,tier2,public_web_only,crm_import_ci_200,Prospection CI — Télécommunications,,support_it_intelligent,ready,False,,,,2026-06-12T23:49:44.974418Z,2026-06-12T23:49:44.974418Z,2026-06-12T23:49:44.974418Z
ci-airtel-niger-137,Airtel Niger,https://www.airtel.ne,Niger,Entreprise de télécoms,Télécommunications,Directeur Général,contact@airtel.ne,,https://calendly.com/transferai/45min,tier3,public_web_only,crm_import_ci_200,Prospection CI — Télécommunications,,support_it_intelligent,ready,False,,,,2026-06-12T23:49:44.974418Z,2026-06-12T23:49:44.974418Z,2026-06-12T23:49:44.974418Z
ci-tigo-mali-138,TiGo Mali,https://www.tigo.ml,Mali,Entreprise de télécoms,Télécommunications,Directeur Général,contact@tigo.ml,,https://calendly.com/transferai/45min,tier3,public_web_only,crm_import_ci_200,Prospection CI — Télécommunications,,support_it_intelligent,ready,False,,,,2026-06-12T23:49:44.974418Z,2026-06-12T23:49:44.974418Z,2026-06-12T23:49:44.974418Z
ci-guin-e-t-l-com-139,Guinée Télécom,https://www.guineetelecom.net,Guinée,Entreprise de télécoms,Télécommunications,Directeur Général,info@guineetelecom.net,,https://calendly.com/transferai/45min,tier3,public_web_only,crm_import_ci_200,Prospection CI — Télécommunications,,support_it_intelligent,ready,False,,,,2026-06-12T23:49:44.974418Z,2026-06-12T23:49:44.974418Z,2026-06-12T23:49:44.974418Z
ci-kpmg-c-te-d-ivoire-140,KPMG Côte d'Ivoire,https://www.kpmg.com/ci,Côte d'Ivoire,Cabinet d'audit multinational,Audit / Conseil,Associé Directeur,kpmg.abidjan@kpmg.ci,,https://calendly.com/transferai/45min,tier2,public_web_only,crm_import_ci_200,Prospection CI — Audit / Conseil,,assistant_direction_documentaire,ready,False,,,,2026-06-12T23:49:44.974418Z,2026-06-12T23:49:44.974418Z,2026-06-12T23:49:44.974418Z
ci-pwc-c-te-d-ivoire-141,PwC Côte d'Ivoire,https://www.pwc.com/ci,Côte d'Ivoire,Cabinet d'audit multinational,Audit / Conseil,Associé Directeur,pwc.abidjan@pwc.com,,https://calendly.com/transferai/45min,tier2,public_web_only,crm_import_ci_200,Prospection CI — Audit / Conseil,,assistant_direction_documentaire,ready,False,,,,2026-06-12T23:49:44.974418Z,2026-06-12T23:49:44.974418Z,2026-06-12T23:49:44.974418Z
ci-deloitte-c-te-d-ivoire-142,Deloitte Côte d'Ivoire,https://www2.deloitte.com/ci,Côte d'Ivoire,Cabinet d'audit multinational,Audit / Conseil,Associé Directeur,info.ci@deloitte.com,,https://calendly.com/transferai/45min,tier2,public_web_only,crm_import_ci_200,Prospection CI — Audit / Conseil,,assistant_direction_documentaire,ready,False,,,,2026-06-12T23:49:44.974418Z,2026-06-12T23:49:44.974418Z,2026-06-12T23:49:44.974418Z
ci-ey-c-te-d-ivoire-143,EY Côte d'Ivoire,https://www.ey.com/ci,Côte d'Ivoire,Cabinet d'audit multinational,Audit / Conseil,Associé Directeur,ey.abidjan@ey.com,,https://calendly.com/transferai/45min,tier2,public_web_only,crm_import_ci_200,Prospection CI — Audit / Conseil,,assistant_direction_documentaire,ready,False,,,,2026-06-12T23:49:44.974418Z,2026-06-12T23:49:44.974418Z,2026-06-12T23:49:44.974418Z
ci-bureau-veritas-ci-144,Bureau Veritas CI,https://www.bureauveritas.com/ci,Côte d'Ivoire,Multinationale,Inspection / Certification,Directeur Général,contact.ci@bureauveritas.com,,https://calendly.com/transferai/45min,tier2,public_web_only,crm_import_ci_200,Prospection CI — Inspection / Certification,,assistant_direction_documentaire,ready,False,,,,2026-06-12T23:49:44.974418Z,2026-06-12T23:49:44.974418Z,2026-06-12T23:49:44.974418Z
ci-sgs-c-te-d-ivoire-145,SGS Côte d'Ivoire,https://www.sgs.com/ci,Côte d'Ivoire,Multinationale,Inspection / Certification,Directeur Général,sgs.abidjan@sgs.com,,https://calendly.com/transferai/45min,tier2,public_web_only,crm_import_ci_200,Prospection CI — Inspection / Certification,,assistant_direction_documentaire,ready,False,,,,2026-06-12T23:49:44.974418Z,2026-06-12T23:49:44.974418Z,2026-06-12T23:49:44.974418Z
ci-sicogi-st-ivoirienne-construction-gestio-146,SICOGI — Sté Ivoirienne Construction Gestion Immobilière,https://www.sicogi.ci,Côte d'Ivoire,Entreprise publique,Immobilier / Construction,Directeur Général,contact@sicogi.ci,,https://calendly.com/transferai/45min,tier2,public_web_only,crm_import_ci_200,Prospection CI — Immobilier / Construction,,workflow_administratif,ready,False,,,,2026-06-12T23:49:44.974418Z,2026-06-12T23:49:44.974418Z,2026-06-12T23:49:44.974418Z
ci-sipim-147,SIPIM,https://www.sipim.ci,Côte d'Ivoire,Entreprise privée,Immobilier / Promotion,Directeur Général,info@sipim.ci,,https://calendly.com/transferai/45min,tier3,public_web_only,crm_import_ci_200,Prospection CI — Immobilier / Promotion,,workflow_administratif,ready,False,,,,2026-06-12T23:49:44.974418Z,2026-06-12T23:49:44.974418Z,2026-06-12T23:49:44.974418Z
ci-groupe-sifca-immobilier-148,Groupe Sifca Immobilier,https://www.sifca.ci,Côte d'Ivoire,Groupe privé,Immobilier / Agro-industrie,Directeur Général,immobilier@sifca.ci,,https://calendly.com/transferai/45min,tier3,public_web_only,crm_import_ci_200,Prospection CI — Immobilier / Agro-industrie,,workflow_administratif,ready,False,,,,2026-06-12T23:49:44.974418Z,2026-06-12T23:49:44.974418Z,2026-06-12T23:49:44.974418Z
ci-plastica-ci-149,PLASTICA CI,https://www.plastica.ci,Côte d'Ivoire,Entreprise industrielle,Industrie / Plastiques,Directeur Général,contact@plastica.ci,,https://calendly.com/transferai/45min,tier3,public_web_only,crm_import_ci_200,Prospection CI — Industrie / Plastiques,,operations_terrain_coordination,ready,False,,,,2026-06-12T23:49:44.974418Z,2026-06-12T23:49:44.974418Z,2026-06-12T23:49:44.974418Z
ci-filtisac-150,FILTISAC,https://www.filtisac.ci,Côte d'Ivoire,Entreprise industrielle,Industrie / Emballage,Directeur Général,info@filtisac.ci,,https://calendly.com/transferai/45min,tier2,public_web_only,crm_import_ci_200,Prospection CI — Industrie / Emballage,,operations_terrain_coordination,ready,False,,,,2026-06-12T23:49:44.974418Z,2026-06-12T23:49:44.974418Z,2026-06-12T23:49:44.974418Z
ci-sir-st-ivoirienne-de-raffinage-151,SIR — Sté Ivoirienne de Raffinage,https://www.sir.ci,Côte d'Ivoire,Entreprise industrielle publique,Industrie / Raffinage,Directeur Général,contact@sir.ci,,https://calendly.com/transferai/45min,tier2,public_web_only,crm_import_ci_200,Prospection CI — Industrie / Raffinage,,operations_terrain_coordination,ready,False,,,,2026-06-12T23:49:44.974418Z,2026-06-12T23:49:44.974418Z,2026-06-12T23:49:44.974418Z
ci-cotivo-cie-ivoirienne-pour-le-d-veloppem-152,COTIVO — Cie Ivoirienne pour le Développement du Textile,https://www.cotivo.ci,Côte d'Ivoire,Entreprise industrielle,Industrie / Textile,Directeur Général,contact@cotivo.ci,,https://calendly.com/transferai/45min,tier3,public_web_only,crm_import_ci_200,Prospection CI — Industrie / Textile,,operations_terrain_coordination,ready,False,,,,2026-06-12T23:49:44.974418Z,2026-06-12T23:49:44.974418Z,2026-06-12T23:49:44.974418Z
ci-uniwax-153,UNIWAX,https://www.uniwax.ci,Côte d'Ivoire,Entreprise industrielle,Industrie / Textile,Directeur Général,info@uniwax.ci,,https://calendly.com/transferai/45min,tier3,public_web_only,crm_import_ci_200,Prospection CI — Industrie / Textile,,operations_terrain_coordination,ready,False,,,,2026-06-12T23:49:44.974418Z,2026-06-12T23:49:44.974418Z,2026-06-12T23:49:44.974418Z
ci-capral-154,CAPRAL,https://www.capral.ci,Côte d'Ivoire,Entreprise industrielle,Industrie / Aluminium,Directeur Général,contact@capral.ci,,https://calendly.com/transferai/45min,tier3,public_web_only,crm_import_ci_200,Prospection CI — Industrie / Aluminium,,operations_terrain_coordination,ready,False,,,,2026-06-12T23:49:44.974418Z,2026-06-12T23:49:44.974418Z,2026-06-12T23:49:44.974418Z
ci-sotra-st-des-transports-d-abidjan-155,SOTRA — Sté des Transports d'Abidjan,https://www.sotra.ci,Côte d'Ivoire,Entreprise publique,Transport en commun,Directeur Général,contact@sotra.ci,,https://calendly.com/transferai/45min,tier2,public_web_only,crm_import_ci_200,Prospection CI — Transport en commun,,operations_terrain_coordination,ready,False,,,,2026-06-12T23:49:44.974418Z,2026-06-12T23:49:44.974418Z,2026-06-12T23:49:44.974418Z
ci-sitarail-156,SITARAIL,https://www.sitarail.com,Côte d'Ivoire,Concessionnaire,Transport ferroviaire,Directeur Général,info@sitarail.com,,https://calendly.com/transferai/45min,tier3,public_web_only,crm_import_ci_200,Prospection CI — Transport ferroviaire,,operations_terrain_coordination,ready,False,,,,2026-06-12T23:49:44.974418Z,2026-06-12T23:49:44.974418Z,2026-06-12T23:49:44.974418Z
ci-wata-west-africa-terminal-abidjan-157,WATA — West Africa Terminal Abidjan,https://www.abidjan-terminal.net,Côte d'Ivoire,Entreprise privée,Logistique portuaire,Directeur Général,info.wata@portabidjan.ci,,https://calendly.com/transferai/45min,tier2,public_web_only,crm_import_ci_200,Prospection CI — Logistique portuaire,,operations_terrain_coordination,ready,False,,,,2026-06-12T23:49:44.974418Z,2026-06-12T23:49:44.974418Z,2026-06-12T23:49:44.974418Z
ci-adecco-c-te-d-ivoire-158,Adecco Côte d'Ivoire,https://www.adecco.ci,Côte d'Ivoire,Multinationale,RH / Emploi temporaire,Directeur Général,contact@adecco.ci,,https://calendly.com/transferai/45min,tier2,public_web_only,crm_import_ci_200,Prospection CI — RH / Emploi temporaire,,recrutement_onboarding_augmente,ready,False,,,,2026-06-12T23:49:44.974418Z,2026-06-12T23:49:44.974418Z,2026-06-12T23:49:44.974418Z
ci-manpowergroup-ci-159,ManpowerGroup CI,https://www.manpower.ci,Côte d'Ivoire,Multinationale,RH / Recrutement,Directeur Général,info@manpower.ci,,https://calendly.com/transferai/45min,tier2,public_web_only,crm_import_ci_200,Prospection CI — RH / Recrutement,,recrutement_onboarding_augmente,ready,False,,,,2026-06-12T23:49:44.974418Z,2026-06-12T23:49:44.974418Z,2026-06-12T23:49:44.974418Z
ci-expectra-ci-randstad-160,Expectra CI (Randstad),https://www.expectra.ci,Côte d'Ivoire,Multinationale,RH / Recrutement,Directeur Général,contact@expectra.ci,,https://calendly.com/transferai/45min,tier2,public_web_only,crm_import_ci_200,Prospection CI — RH / Recrutement,,recrutement_onboarding_augmente,ready,False,,,,2026-06-12T23:49:44.974418Z,2026-06-12T23:49:44.974418Z,2026-06-12T23:49:44.974418Z
ci-cegos-afrique-161,CEGOS Afrique,https://www.cegos.fr/afrique,Côte d'Ivoire,Multinationale,Formation professionnelle,Directeur Général CI,contact.afrique@cegos.fr,,https://calendly.com/transferai/45min,tier2,public_web_only,crm_import_ci_200,Prospection CI — Formation professionnelle,,formation_montee_en_competence,ready,False,,,,2026-06-12T23:49:44.974418Z,2026-06-12T23:49:44.974418Z,2026-06-12T23:49:44.974418Z
ci-cfpa-centre-formation-professionnelle-162,CFPA — Centre Formation Professionnelle,https://www.cfpa.ci,Côte d'Ivoire,Institution publique,Formation professionnelle,Directeur Général,info@cfpa.ci,,https://calendly.com/transferai/45min,tier3,public_web_only,crm_import_ci_200,Prospection CI — Formation professionnelle,,formation_montee_en_competence,ready,False,,,,2026-06-12T23:49:44.974418Z,2026-06-12T23:49:44.974418Z,2026-06-12T23:49:44.974418Z
ci-advans-ci-163,ADVANS CI,https://www.advans-ci.com,Côte d'Ivoire,Institution de microfinance,Microfinance,Directeur Général,contact@advans-ci.com,,https://calendly.com/transferai/45min,tier2,public_web_only,crm_import_ci_200,Prospection CI — Microfinance,,banque_kyc_reporting,ready,False,,,,2026-06-12T23:49:44.974418Z,2026-06-12T23:49:44.974418Z,2026-06-12T23:49:44.974418Z
ci-microcred-ci-164,MICROCRED CI,https://www.microcred.ci,Côte d'Ivoire,Institution de microfinance,Microfinance,Directeur Général,info@microcred.ci,,https://calendly.com/transferai/45min,tier2,public_web_only,crm_import_ci_200,Prospection CI — Microfinance,,banque_kyc_reporting,ready,False,,,,2026-06-12T23:49:44.974418Z,2026-06-12T23:49:44.974418Z,2026-06-12T23:49:44.974418Z
ci-cnce-caisse-nationale-cr-dit-pargne-165,CNCE — Caisse Nationale Crédit Épargne,https://www.cnce.ci,Côte d'Ivoire,Institution publique,Épargne / Crédit,Directeur Général,contact@cnce.ci,,https://calendly.com/transferai/45min,tier2,public_web_only,crm_import_ci_200,Prospection CI — Épargne / Crédit,,banque_kyc_reporting,ready,False,,,,2026-06-12T23:49:44.974418Z,2026-06-12T23:49:44.974418Z,2026-06-12T23:49:44.974418Z
ci-ciapol-agence-pollution-166,CIAPOL — Agence Pollution,https://www.ciapol.ci,Côte d'Ivoire,Agence publique,Environnement / Régulation,Directeur Général,info@ciapol.ci,,https://calendly.com/transferai/45min,tier3,public_web_only,crm_import_ci_200,Prospection CI — Environnement / Régulation,,reporting_financier_assiste,ready,False,,,,2026-06-12T23:49:44.974418Z,2026-06-12T23:49:44.974418Z,2026-06-12T23:49:44.974418Z
ci-ande-agence-nationale-environnement-167,ANDE — Agence Nationale Environnement,https://www.ande.ci,Côte d'Ivoire,Agence publique,Environnement,Directeur Général,contact@ande.ci,,https://calendly.com/transferai/45min,tier3,public_web_only,crm_import_ci_200,Prospection CI — Environnement,,reporting_financier_assiste,ready,False,,,,2026-06-12T23:49:44.974418Z,2026-06-12T23:49:44.974418Z,2026-06-12T23:49:44.974418Z
ci-can-conseil-du-coton-de-l-anacarde-168,CAN — Conseil du Coton & de l'Anacarde,https://www.coton-anacarde.ci,Côte d'Ivoire,Institution publique,Agriculture / Filière,Directeur Général,info@coton-anacarde.ci,,https://calendly.com/transferai/45min,tier2,public_web_only,crm_import_ci_200,Prospection CI — Agriculture / Filière,,workflow_administratif,ready,False,,,,2026-06-12T23:49:44.974418Z,2026-06-12T23:49:44.974418Z,2026-06-12T23:49:44.974418Z
ci-cnra-centre-national-recherche-agronomiq-169,CNRA — Centre National Recherche Agronomique,https://www.cnra.ci,Côte d'Ivoire,Institution publique,Recherche / Agriculture,Directeur Général,contact@cnra.ci,,https://calendly.com/transferai/45min,tier3,public_web_only,crm_import_ci_200,Prospection CI — Recherche / Agriculture,,workflow_administratif,ready,False,,,,2026-06-12T23:49:44.974418Z,2026-06-12T23:49:44.974418Z,2026-06-12T23:49:44.974418Z
ci-cidt-cie-ivoirienne-pour-le-d-veloppemen-170,CIDT — Cie Ivoirienne pour le Développement du Textile,https://www.cidt.ci,Côte d'Ivoire,Entreprise publique,Agriculture / Coton,Directeur Général,info@cidt.ci,,https://calendly.com/transferai/45min,tier3,public_web_only,crm_import_ci_200,Prospection CI — Agriculture / Coton,,workflow_administratif,ready,False,,,,2026-06-12T23:49:44.974418Z,2026-06-12T23:49:44.974418Z,2026-06-12T23:49:44.974418Z
ci-conseil-caf-cacao-171,Conseil Café Cacao,https://www.conseilcafecacao.ci,Côte d'Ivoire,Institution publique,Agriculture / Cacao,Directeur Général,info@conseilcafecacao.ci,,https://calendly.com/transferai/45min,tier2,public_web_only,crm_import_ci_200,Prospection CI — Agriculture / Cacao,,workflow_administratif,ready,False,,,,2026-06-12T23:49:44.974418Z,2026-06-12T23:49:44.974418Z,2026-06-12T23:49:44.974418Z
ci-oms-bureau-ci-172,OMS — Bureau CI,https://www.afro.who.int/ci,Côte d'Ivoire,Organisation internationale,Santé / International,Représentant,saro@who.int,,https://calendly.com/transferai/45min,tier2,public_web_only,crm_import_ci_200,Prospection CI — Santé / International,,assistant_direction_documentaire,ready,False,,,,2026-06-12T23:49:44.974418Z,2026-06-12T23:49:44.974418Z,2026-06-12T23:49:44.974418Z
ci-onusida-ci-173,ONUSIDA CI,https://www.unaids.org/fr/regionscountries/ci,Côte d'Ivoire,Organisation internationale,Santé / VIH,Coordinateur pays,unaids.abidjan@unaids.org,,https://calendly.com/transferai/45min,tier3,public_web_only,crm_import_ci_200,Prospection CI — Santé / VIH,,assistant_direction_documentaire,ready,False,,,,2026-06-12T23:49:44.974418Z,2026-06-12T23:49:44.974418Z,2026-06-12T23:49:44.974418Z
ci-africa-internet-group-jumia-ci-174,Africa Internet Group (Jumia CI),https://www.jumia.ci,Côte d'Ivoire,Startup tech,E-commerce,Directeur Général,contact@jumia.ci,,https://calendly.com/transferai/45min,tier2,public_web_only,crm_import_ci_200,Prospection CI — E-commerce,,support_it_intelligent,ready,False,,,,2026-06-12T23:49:44.974418Z,2026-06-12T23:49:44.974418Z,2026-06-12T23:49:44.974418Z
ci-kobo360-ci-175,Kobo360 CI,https://www.kobo360.com,Côte d'Ivoire,Startup tech,Technologie / Logistique,Directeur Général CI,info@kobo360.com,,https://calendly.com/transferai/45min,tier3,public_web_only,crm_import_ci_200,Prospection CI — Technologie / Logistique,,support_it_intelligent,ready,False,,,,2026-06-12T23:49:44.974418Z,2026-06-12T23:49:44.974418Z,2026-06-12T23:49:44.974418Z
ci-gozem-ci-176,Gozem CI,https://www.gozem.co,Côte d'Ivoire,Startup tech,Transport / Mobilité,Directeur Général CI,contact@gozem.co,,https://calendly.com/transferai/45min,tier3,public_web_only,crm_import_ci_200,Prospection CI — Transport / Mobilité,,support_it_intelligent,ready,False,,,,2026-06-12T23:49:44.974418Z,2026-06-12T23:49:44.974418Z,2026-06-12T23:49:44.974418Z
ci-nexans-ci-177,Nexans CI,https://www.nexans.com/ci,Côte d'Ivoire,Multinationale,Industrie / Câblage,Directeur Général,info.ci@nexans.com,,https://calendly.com/transferai/45min,tier2,public_web_only,crm_import_ci_200,Prospection CI — Industrie / Câblage,,operations_terrain_coordination,ready,False,,,,2026-06-12T23:49:44.974418Z,2026-06-12T23:49:44.974418Z,2026-06-12T23:49:44.974418Z
ci-spdci-st-presse-et-distribution-ci-178,SPDCI — Sté Presse et Distribution CI,https://www.spdci.ci,Côte d'Ivoire,Entreprise privée,Distribution / Presse,Directeur Général,contact@spdci.ci,,https://calendly.com/transferai/45min,tier3,public_web_only,crm_import_ci_200,Prospection CI — Distribution / Presse,,service_client_multicanal,ready,False,,,,2026-06-12T23:49:44.974418Z,2026-06-12T23:49:44.974418Z,2026-06-12T23:49:44.974418Z
ci-azala-hotels-pr-sence-ci-179,Azalaï Hotels (présence CI),https://www.azalaihotels.com,Côte d'Ivoire,Chaîne hôtelière africaine,Hôtellerie,Directeur Général CI,info@azalaihotels.com,,https://calendly.com/transferai/45min,tier3,public_web_only,crm_import_ci_200,Prospection CI — Hôtellerie,,service_client_multicanal,ready,False,,,,2026-06-12T23:49:44.974418Z,2026-06-12T23:49:44.974418Z,2026-06-12T23:49:44.974418Z
ci-lafico-ci-180,LAFICO CI,https://www.lafico.ci,Côte d'Ivoire,Entreprise publique,Immobilier / Logement,Directeur Général,contact@lafico.ci,,https://calendly.com/transferai/45min,tier3,public_web_only,crm_import_ci_200,Prospection CI — Immobilier / Logement,,workflow_administratif,ready,False,,,,2026-06-12T23:49:44.974418Z,2026-06-12T23:49:44.974418Z,2026-06-12T23:49:44.974418Z
ci-bstp-bureau-de-soutien-aux-pme-181,BSTP — Bureau de Soutien aux PME,https://www.bstp.ci,Côte d'Ivoire,Institution publique,PME / Développement,Directeur Général,info@bstp.ci,,https://calendly.com/transferai/45min,tier3,public_web_only,crm_import_ci_200,Prospection CI — PME / Développement,,workflow_administratif,ready,False,,,,2026-06-12T23:49:44.974418Z,2026-06-12T23:49:44.974418Z,2026-06-12T23:49:44.974418Z
ci-cepici-centre-promotion-investissement-182,CEPICI — Centre Promotion Investissement,https://www.cepici.gouv.ci,Côte d'Ivoire,Institution publique,Investissement / Développement,Directeur Général,info@cepici.gouv.ci,,https://calendly.com/transferai/45min,tier2,public_web_only,crm_import_ci_200,Prospection CI — Investissement / Développement,,workflow_administratif,ready,False,,,,2026-06-12T23:49:44.974418Z,2026-06-12T23:49:44.974418Z,2026-06-12T23:49:44.974418Z
ci-syndicat-des-grandes-entreprises-ci-183,Syndicat des Grandes Entreprises CI,https://www.cgeci.ci,Côte d'Ivoire,Organisation professionnelle,Fédération patronale,Président,info@cgeci.ci,,https://calendly.com/transferai/45min,tier2,public_web_only,crm_import_ci_200,Prospection CI — Fédération patronale,,workflow_administratif,ready,False,,,,2026-06-12T23:49:44.974418Z,2026-06-12T23:49:44.974418Z,2026-06-12T23:49:44.974418Z
ci-sicogi-soci-t-ivoirienne-de-construction-184,SICOGI — Société Ivoirienne de Construction,https://www.sicogi.ci,Côte d'Ivoire,Entreprise publique,Immobilier / BTP,Directeur Général,info@sicogi.ci,,https://calendly.com/transferai/45min,tier2,public_web_only,crm_import_ci_200,Prospection CI — Immobilier / BTP,,workflow_administratif,ready,False,,,,2026-06-12T23:49:44.974418Z,2026-06-12T23:49:44.974418Z,2026-06-12T23:49:44.974418Z
ci-bhci-banque-de-l-habitat-ci-185,BHCI — Banque de l'Habitat CI,https://www.bhci.ci,Côte d'Ivoire,Banque spécialisée,Banque / Habitat,Directeur Général,contact@bhci.ci,,https://calendly.com/transferai/45min,tier2,public_web_only,crm_import_ci_200,Prospection CI — Banque / Habitat,,banque_kyc_reporting,ready,False,,,,2026-06-12T23:49:44.974418Z,2026-06-12T23:49:44.974418Z,2026-06-12T23:49:44.974418Z
ci-prestige-auto-ci-186,Prestige Auto CI,https://www.prestigeauto.ci,Côte d'Ivoire,Entreprise privée,Distribution automobile,Directeur Général,contact@prestigeauto.ci,,https://calendly.com/transferai/45min,tier2,public_web_only,crm_import_ci_200,Prospection CI — Distribution automobile,,service_client_multicanal,ready,False,,,,2026-06-12T23:49:44.974418Z,2026-06-12T23:49:44.974418Z,2026-06-12T23:49:44.974418Z
ci-cfao-motors-ci-187,CFAO Motors CI,https://www.cfao.com/ci,Côte d'Ivoire,Multinationale,Distribution automobile,Directeur Général,contact.ci@cfao.com,,https://calendly.com/transferai/45min,tier1,public_web_only,crm_import_ci_200,Prospection CI — Distribution automobile,,service_client_multicanal,ready,False,,,,2026-06-12T23:49:44.974418Z,2026-06-12T23:49:44.974418Z,2026-06-12T23:49:44.974418Z
ci-scoa-ci-188,SCOA CI,https://www.scoa.ci,Côte d'Ivoire,Entreprise privée,Distribution / Industrie,Directeur Général,info@scoa.ci,,https://calendly.com/transferai/45min,tier2,public_web_only,crm_import_ci_200,Prospection CI — Distribution / Industrie,,service_client_multicanal,ready,False,,,,2026-06-12T23:49:44.974418Z,2026-06-12T23:49:44.974418Z,2026-06-12T23:49:44.974418Z
ci-p-tisserie-abidjan-mac-donalds-ci-189,Pâtisserie Abidjan (Mac Donalds CI),https://www.macdo.ci,Côte d'Ivoire,Franchise internationale,Restauration rapide,Directeur Général,contact@macdo.ci,,https://calendly.com/transferai/45min,tier3,public_web_only,crm_import_ci_200,Prospection CI — Restauration rapide,,service_client_multicanal,ready,False,,,,2026-06-12T23:49:44.974418Z,2026-06-12T23:49:44.974418Z,2026-06-12T23:49:44.974418Z
ci-pharmacie-nouvelle-190,Pharmacie Nouvelle,https://www.pharmacienouvelle.ci,Côte d'Ivoire,Entreprise privée,Distribution pharmaceutique,Directeur Général,info@pharmacienouvelle.ci,,https://calendly.com/transferai/45min,tier3,public_web_only,crm_import_ci_200,Prospection CI — Distribution pharmaceutique,,telemedecine_triage_orientation,ready,False,,,,2026-06-12T23:49:44.974418Z,2026-06-12T23:49:44.974418Z,2026-06-12T23:49:44.974418Z
ci-clinique-bethesda-191,Clinique Bethesda,https://www.cliniquebethesda.ci,Côte d'Ivoire,Clinique privée,Santé / Clinique,Directeur Médical,contact@cliniquebethesda.ci,,https://calendly.com/transferai/45min,tier2,public_web_only,crm_import_ci_200,Prospection CI — Santé / Clinique,,telemedecine_triage_orientation,ready,False,,,,2026-06-12T23:49:44.974418Z,2026-06-12T23:49:44.974418Z,2026-06-12T23:49:44.974418Z
ci-pisam-polyclinique-int-ste-anne-marie-192,PISAM — Polyclinique Int. Ste-Anne-Marie,https://www.pisam.ci,Côte d'Ivoire,Clinique privée,Santé / Polyclinique,Directeur Médical,info@pisam.ci,,https://calendly.com/transferai/45min,tier2,public_web_only,crm_import_ci_200,Prospection CI — Santé / Polyclinique,,telemedecine_triage_orientation,ready,False,,,,2026-06-12T23:49:44.974418Z,2026-06-12T23:49:44.974418Z,2026-06-12T23:49:44.974418Z
ci-ivoire-coton-193,Ivoire Coton,https://www.ivoirecoton.ci,Côte d'Ivoire,Entreprise privée,Agriculture / Coton,Directeur Général,info@ivoirecoton.ci,,https://calendly.com/transferai/45min,tier3,public_web_only,crm_import_ci_200,Prospection CI — Agriculture / Coton,,workflow_administratif,ready,False,,,,2026-06-12T23:49:44.974418Z,2026-06-12T23:49:44.974418Z,2026-06-12T23:49:44.974418Z
ci-fenagri-f-d-nationale-agro-industrie-194,FENAGRI — Féd. Nationale Agro-Industrie,https://www.fenagri.ci,Côte d'Ivoire,Organisation professionnelle,Fédération agro-industrielle,Président,info@fenagri.ci,,https://calendly.com/transferai/45min,tier3,public_web_only,crm_import_ci_200,Prospection CI — Fédération agro-industrielle,,workflow_administratif,ready,False,,,,2026-06-12T23:49:44.974418Z,2026-06-12T23:49:44.974418Z,2026-06-12T23:49:44.974418Z
ci-giz-c-te-d-ivoire-195,GIZ Côte d'Ivoire,https://www.giz.de/ci,Côte d'Ivoire,Organisation internationale,Développement / Coopération,Représentant Pays,giz-cotedivoire@giz.de,,https://calendly.com/transferai/45min,tier2,public_web_only,crm_import_ci_200,Prospection CI — Développement / Coopération,,assistant_direction_documentaire,ready,False,,,,2026-06-12T23:49:44.974418Z,2026-06-12T23:49:44.974418Z,2026-06-12T23:49:44.974418Z
ci-onudi-bureau-ci-196,ONUDI — Bureau CI,https://www.unido.org/ci,Côte d'Ivoire,Organisation internationale,Industrie / Développement,Représentant,unido.ci@unido.org,,https://calendly.com/transferai/45min,tier2,public_web_only,crm_import_ci_200,Prospection CI — Industrie / Développement,,assistant_direction_documentaire,ready,False,,,,2026-06-12T23:49:44.974418Z,2026-06-12T23:49:44.974418Z,2026-06-12T23:49:44.974418Z
ci-unfpa-bureau-ci-197,UNFPA — Bureau CI,https://www.unfpa.org/fr/ci,Côte d'Ivoire,Organisation internationale,Santé reproductive / Population,Représentant,wcaro-ci@unfpa.org,,https://calendly.com/transferai/45min,tier3,public_web_only,crm_import_ci_200,Prospection CI — Santé reproductive / Population,,assistant_direction_documentaire,ready,False,,,,2026-06-12T23:49:44.974418Z,2026-06-12T23:49:44.974418Z,2026-06-12T23:49:44.974418Z
ci-world-vision-ci-198,World Vision CI,https://www.wvi.org/ivory-coast,Côte d'Ivoire,ONG internationale,Aide humanitaire / Éducation,Directeur Pays,contact@wvi-ci.org,,https://calendly.com/transferai/45min,tier3,public_web_only,crm_import_ci_200,Prospection CI — Aide humanitaire / Éducation,,assistant_direction_documentaire,ready,False,,,,2026-06-12T23:49:44.974418Z,2026-06-12T23:49:44.974418Z,2026-06-12T23:49:44.974418Z
ci-undp-pnud-ci-199,UNDP — PNUD CI,https://www.undp.org/fr/ci,Côte d'Ivoire,Organisation internationale,Développement durable,Représentant Résident,registry.ci@undp.org,,https://calendly.com/transferai/45min,tier2,public_web_only,crm_import_ci_200,Prospection CI — Développement durable,,assistant_direction_documentaire,ready,False,,,,2026-06-12T23:49:44.974418Z,2026-06-12T23:49:44.974418Z,2026-06-12T23:49:44.974418Z
ci-unhcr-hcr-ci-200,UNHCR — HCR CI,https://www.unhcr.org/fr/cote-d-ivoire,Côte d'Ivoire,Organisation internationale,Protection réfugiés,Représentant,cicia@unhcr.org,,https://calendly.com/transferai/45min,tier3,public_web_only,crm_import_ci_200,Prospection CI — Protection réfugiés,,assistant_direction_documentaire,ready,False,,,,2026-06-12T23:49:44.974418Z,2026-06-12T23:49:44.974418Z,2026-06-12T23:49:44.974418Z
