email,language,subscribed_domains,source_page,created_at
beda.casimir@nettelecom.ci,fr,,/admin-import,2026-04-20 21:09:36.721905+00
bedacasimir@gmail.com,fr,,/admin-import,2026-04-20 21:09:36.721905+00
contact@transferai.ci,fr,IT & Transformation Digitale | Finance & Fintech,/blog,2026-04-10 20:18:18.752488+00
djerichard020@gmail.com,fr,IT & Transformation Digitale | Administration & Gestion,/blog,2026-06-18 06:37:32.009119+00
eric.nguessan@flexus.io,fr,,/admin-import,2026-04-20 21:09:36.721905+00
koffiemmanuelle0@gmail.com,fr,Marketing & Communication | Ressources Humaines | Assistanat & Secrétariat | Finance & Comptabilité | Juridique & Conformite | Service Client | Data & Analyse | Administration & Gestion,/blog,2026-05-21 01:04:15.228052+00
marius.ayoro70@gmail.com,fr,IT & Transformation Digitale | Santé & IA médicale | Assistanat & Secrétariat,/blog,2026-04-10 20:21:00.990015+00
serymedard@hotmail.com,fr,Médias & Création de contenu,/createur-contenu-ia,2026-05-28 00:11:47.004442+00
virginiedjacobi@gmail.com,fr,Médias & Création de contenu,/createur-contenu-ia,2026-07-03 00:56:16.148983+00
